순번,산업분류코드,산업분류명칭,데이터기준일
1,1,농업,2022-08-02
2,11,작물 재배업,2022-08-02
3,111,곡물 및 기타 식량작물 재배업,2022-08-02
4,1110,곡물 및 기타 식량작물 재배업,2022-08-02
5,112,채소,2022-08-02
6,1121,채소작물 재배업,2022-08-02
7,1122,화훼작물 재배업,2022-08-02
8,1123,종자 및 묘목 생산업,2022-08-02
9,113,과실,2022-08-02
10,1131,과실작물 재배업,2022-08-02
11,1132,음료용 및 향신용 작물 재배업,2022-08-02
12,114,기타 작물 재배업,2022-08-02
13,1140,기타 작물 재배업,2022-08-02
14,115,시설작물 재배업,2022-08-02
15,1151,콩나물 재배업,2022-08-02
16,1152,채소,2022-08-02
17,1159,기타 시설작물 재배업,2022-08-02
18,12,축산업,2022-08-02
19,121,소 사육업,2022-08-02
20,1211,젖소 사육업,2022-08-02
21,1212,육우 사육업,2022-08-02
22,122,양돈업,2022-08-02
23,1220,양돈업,2022-08-02
24,123,가금류 및 조류 사육업,2022-08-02
25,1231,양계업,2022-08-02
26,1239,기타 가금류 및 조류 사육업,2022-08-02
27,129,기타 축산업,2022-08-02
28,1291,말 및 양 사육업,2022-08-02
29,1299,그 외 기타 축산업,2022-08-02
30,13,작물재배 및 축산 복합농업,2022-08-02
31,130,작물재배 및 축산 복합농업,2022-08-02
32,1300,작물재배 및 축산 복합농업,2022-08-02
33,14,작물재배 및 축산 관련 서비스업,2022-08-02
34,141,작물재배 관련 서비스업,2022-08-02
35,1411,작물재배 지원 서비스업,2022-08-02
36,1412,농산물 건조,2022-08-02
37,142,축산 관련 서비스업,2022-08-02
38,1420,축산 관련 서비스업,2022-08-02
39,15,수렵 및 관련 서비스업,2022-08-02
40,150,수렵 및 관련 서비스업,2022-08-02
41,1500,수렵 및 관련 서비스업,2022-08-02
42,2,임업,2022-08-02
43,20,임업,2022-08-02
44,201,영림업,2022-08-02
45,2011,임업용 종묘 생산업,2022-08-02
46,2012,육림업,2022-08-02
47,202,벌목업,2022-08-02
48,2020,벌목업,2022-08-02
49,203,임산물 채취업,2022-08-02
50,2030,임산물 채취업,2022-08-02
51,204,임업 관련 서비스업,2022-08-02
52,2040,임업 관련 서비스업,2022-08-02
53,3,어업,2022-08-02
54,31,어로 어업,2022-08-02
55,311,해수면 어업,2022-08-02
56,3111,원양 어업,2022-08-02
57,3112,연근해 어업,2022-08-02
58,312,내수면 어업,2022-08-02
59,3120,내수면 어업,2022-08-02
60,32,양식어업 및 어업관련 서비스업,2022-08-02
61,321,양식 어업,2022-08-02
62,3211,해수면 양식 어업,2022-08-02
63,3212,내수면 양식 어업,2022-08-02
64,3213,수산물 부화 및 수산 종자 생산업,2022-08-02
65,322,어업 관련 서비스업,2022-08-02
66,3220,어업 관련 서비스업,2022-08-02
67,5,석탄,2022-08-02
68,51,석탄 광업,2022-08-02
69,510,석탄 광업,2022-08-02
70,5100,석탄 광업,2022-08-02
71,52,원유 및 천연가스 채굴업,2022-08-02
72,520,원유 및 천연가스 채굴업,2022-08-02
73,5200,원유 및 천연가스 채굴업,2022-08-02
74,6,금속 광업,2022-08-02
75,61,철 광업,2022-08-02
76,610,철 광업,2022-08-02
77,6100,철 광업,2022-08-02
78,62,비철금속 광업,2022-08-02
79,620,비철금속 광업,2022-08-02
80,6200,비철금속 광업,2022-08-02
81,7,비금속광물 광업; 연료용 제외,2022-08-02
82,71,토사석 광업,2022-08-02
83,711,석회석 및 점토 광업,2022-08-02
84,7110,석회석 및 점토 광업,2022-08-02
85,712,석재,2022-08-02
86,7121,건설용 석재 채굴 및 쇄석 생산업,2022-08-02
87,7122,모래 및 자갈 채취업,2022-08-02
88,72,기타 비금속광물 광업,2022-08-02
89,721,화학용 및 비료 원료용 광물 광업,2022-08-02
90,7210,화학용 및 비료 원료용 광물 광업,2022-08-02
91,722,천일염 생산 및 암염 채취업,2022-08-02
92,7220,천일염 생산 및 암염 채취업,2022-08-02
93,729,그 외 기타 비금속광물 광업,2022-08-02
94,7290,그 외 기타 비금속광물 광업,2022-08-02
95,8,광업 지원 서비스업,2022-08-02
96,80,광업 지원 서비스업,2022-08-02
97,800,광업 지원 서비스업,2022-08-02
98,8000,광업 지원 서비스업,2022-08-02
99,10,식료품 제조업,2022-08-02
100,101,도축,2022-08-02
101,1011,도축업,2022-08-02
102,10111,육류 도축업(가금류 제외),2022-08-02
103,10112,가금류 도축업,2022-08-02
104,1012,육류 가공 및 저장 처리업,2022-08-02
105,10121,가금류 가공 및 저장 처리업,2022-08-02
106,10122,육류 포장육 및 냉동육 가공업(가금류 제외),2022-08-02
107,10129,육류 기타 가공 및 저장 처리업(가금류 제외),2022-08-02
108,102,수산물 가공 및 저장 처리업,2022-08-02
109,1021,수산동물 가공 및 저장 처리업,2022-08-02
110,10211,수산동물 훈제,2022-08-02
111,10212,수산동물 건조 및 염장품 제조업,2022-08-02
112,10213,수산동물 냉동품 제조업,2022-08-02
113,10219,기타 수산동물 가공 및 저장 처리업,2022-08-02
114,1022,수산식물 가공 및 저장 처리업,2022-08-02
115,10220,수산식물 가공 및 저장 처리업,2022-08-02
116,103,과실,2022-08-02
117,1030,과실,2022-08-02
118,10301,김치류 제조업,2022-08-02
119,10302,과실 및 그 외 채소 절임식품 제조업,2022-08-02
120,10309,기타 과실ㆍ채소 가공 및 저장 처리업,2022-08-02
121,104,동물성 및 식물성 유지 제조업,2022-08-02
122,1040,동물성 및 식물성 유지 제조업,2022-08-02
123,10401,동물성 유지 제조업,2022-08-02
124,10402,식물성 유지 제조업,2022-08-02
125,10403,식용 정제유 및 가공유 제조업,2022-08-02
126,105,낙농제품 및 식용 빙과류 제조업,2022-08-02
127,1050,낙농제품 및 식용 빙과류 제조업,2022-08-02
128,10501,액상 시유 및 기타 낙농제품 제조업,2022-08-02
129,10502,아이스크림 및 기타 식용 빙과류 제조업,2022-08-02
130,106,곡물 가공품,2022-08-02
131,1061,곡물 가공품 제조업,2022-08-02
132,10611,곡물 도정업,2022-08-02
133,10612,곡물 제분업,2022-08-02
134,10613,곡물 혼합 분말 및 반죽 제조업,2022-08-02
135,10619,기타 곡물 가공품 제조업,2022-08-02
136,1062,전분제품 및 당류 제조업,2022-08-02
137,10620,전분제품 및 당류 제조업,2022-08-02
138,107,기타 식품 제조업,2022-08-02
139,1071,떡,2022-08-02
140,10711,떡류 제조업,2022-08-02
141,10712,빵류 제조업,2022-08-02
142,10713,과자류 및 코코아 제품 제조업,2022-08-02
143,1072,설탕 제조업,2022-08-02
144,10720,설탕 제조업,2022-08-02
145,1073,면류,2022-08-02
146,10730,면류,2022-08-02
147,1074,조미료 및 식품 첨가물 제조업,2022-08-02
148,10741,식초,2022-08-02
149,10742,천연 및 혼합 조제 조미료 제조업,2022-08-02
150,10743,장류 제조업,2022-08-02
151,10749,기타 식품 첨가물 제조업,2022-08-02
152,1075,도시락 및 식사용 조리식품 제조업,2022-08-02
153,10751,도시락류 제조업,2022-08-02
154,10759,기타 식사용 가공처리 조리식품 제조업,2022-08-02
155,1079,기타 식료품 제조업,2022-08-02
156,10791,커피 가공업,2022-08-02
157,10792,차류 가공업,2022-08-02
158,10793,수프 및 균질화식품 제조업,2022-08-02
159,10794,두부 및 유사 식품 제조업,2022-08-02
160,10795,인삼식품 제조업,2022-08-02
161,10796,건강 보조용 액화식품 제조업,2022-08-02
162,10797,건강 기능식품 제조업,2022-08-02
163,10799,그 외 기타 식료품 제조업,2022-08-02
164,108,동물용 사료 및 조제식품 제조업,2022-08-02
165,1080,동물용 사료 및 조제식품 제조업,2022-08-02
166,10801,배합 사료 제조업,2022-08-02
167,10802,단미사료 및 기타 사료 제조업,2022-08-02
168,11,음료 제조업,2022-08-02
169,111,알코올 음료 제조업,2022-08-02
170,1111,발효주 제조업,2022-08-02
171,11111,탁주 및 약주 제조업,2022-08-02
172,11112,맥아 및 맥주 제조업,2022-08-02
173,11119,기타 발효주 제조업,2022-08-02
174,1112,증류주 및 합성주 제조업,2022-08-02
175,11121,주정 제조업,2022-08-02
176,11122,소주 제조업,2022-08-02
177,11129,기타 증류주 및 합성주 제조업,2022-08-02
178,112,비알코올 음료 및 얼음 제조업,2022-08-02
179,1120,비알코올 음료 및 얼음 제조업,2022-08-02
180,11201,얼음 제조업,2022-08-02
181,11202,생수 생산업,2022-08-02
182,11209,기타 비알코올 음료 제조업,2022-08-02
183,12,담배 제조업,2022-08-02
184,120,담배 제조업,2022-08-02
185,1200,담배 제조업,2022-08-02
186,12000,담배제품 제조업,2022-08-02
187,13,섬유제품 제조업; 의복 제외,2022-08-02
188,131,방적 및 가공사 제조업,2022-08-02
189,1310,방적 및 가공사 제조업,2022-08-02
190,13101,면 방적업,2022-08-02
191,13102,모 방적업,2022-08-02
192,13103,화학섬유 방적업,2022-08-02
193,13104,연사 및 가공사 제조업,2022-08-02
194,13109,기타 방적업,2022-08-02
195,132,직물 직조 및 직물제품 제조업,2022-08-02
196,1321,직물 직조업,2022-08-02
197,13211,면직물 직조업,2022-08-02
198,13212,모직물 직조업,2022-08-02
199,13213,화학섬유직물 직조업,2022-08-02
200,13219,특수직물 및 기타 직물 직조업,2022-08-02
201,1322,직물제품 제조업,2022-08-02
202,13221,침구 및 관련제품 제조업,2022-08-02
203,13222,자수제품 및 자수용 재료 제조업,2022-08-02
204,13223,커튼 및 유사 제품 제조업,2022-08-02
205,13224,천막,2022-08-02
206,13225,직물포대 제조업,2022-08-02
207,13229,기타 직물제품 제조업,2022-08-02
208,133,편조 원단 제조업,2022-08-02
209,1330,편조 원단 제조업,2022-08-02
210,13300,편조 원단 제조업,2022-08-02
211,134,섬유제품 염색,2022-08-02
212,1340,섬유제품 염색,2022-08-02
213,13401,솜 및 실 염색 가공업,2022-08-02
214,13402,직물,2022-08-02
215,13403,날염 가공업,2022-08-02
216,13409,섬유제품 기타 정리 및 마무리 가공업,2022-08-02
217,139,기타 섬유제품 제조업,2022-08-02
218,1391,카펫,2022-08-02
219,13910,카펫,2022-08-02
220,1392,끈,2022-08-02
221,13921,끈 및 로프 제조업,2022-08-02
222,13922,어망 및 기타 끈 가공품 제조업,2022-08-02
223,1399,그 외 기타 섬유제품 제조업,2022-08-02
224,13991,세폭직물 제조업,2022-08-02
225,13992,부직포 및 펠트 제조업,2022-08-02
226,13993,특수사 및 코드직물 제조업,2022-08-02
227,13994,표면처리 및 적층 직물 제조업,2022-08-02
228,13999,그 외 기타 분류 안된 섬유제품 제조업,2022-08-02
229,14,의복,2022-08-02
230,141,봉제의복 제조업,2022-08-02
231,1411,겉옷 제조업,2022-08-02
232,14111,남자용 겉옷 제조업,2022-08-02
233,14112,여자용 겉옷 제조업,2022-08-02
234,1412,속옷 및 잠옷 제조업,2022-08-02
235,14120,속옷 및 잠옷 제조업,2022-08-02
236,1413,한복 제조업,2022-08-02
237,14130,한복 제조업,2022-08-02
238,1419,기타 봉제의복 제조업,2022-08-02
239,14191,셔츠 및 블라우스 제조업,2022-08-02
240,14192,근무복,2022-08-02
241,14193,가죽의복 제조업,2022-08-02
242,14194,유아용 의복 제조업,2022-08-02
243,14199,그 외 기타 봉제의복 제조업,2022-08-02
244,142,모피제품 제조업,2022-08-02
245,1420,모피제품 제조업,2022-08-02
246,14200,모피제품 제조업,2022-08-02
247,143,편조의복 제조업,2022-08-02
248,1430,편조의복 제조업,2022-08-02
249,14300,편조의복 제조업,2022-08-02
250,144,의복 액세서리 제조업,2022-08-02
251,1441,편조 의복 액세서리 제조업,2022-08-02
252,14411,스타킹 및 기타양말 제조업,2022-08-02
253,14419,기타 편조 의복 액세서리 제조업,2022-08-02
254,1449,기타 의복 액세서리 제조업,2022-08-02
255,14491,모자 제조업,2022-08-02
256,14499,그 외 기타 의복 액세서리 제조업,2022-08-02
257,15,가죽,2022-08-02
258,151,가죽,2022-08-02
259,1511,모피 및 가죽 제조업,2022-08-02
260,15110,모피 및 가죽 제조업,2022-08-02
261,1512,핸드백,2022-08-02
262,15121,핸드백 및 지갑 제조업,2022-08-02
263,15129,가방 및 기타 보호용 케이스 제조업,2022-08-02
264,1519,기타 가죽제품 제조업,2022-08-02
265,15190,기타 가죽제품 제조업,2022-08-02
266,152,신발 및 신발 부분품 제조업,2022-08-02
267,1521,신발 제조업,2022-08-02
268,15211,구두류 제조업,2022-08-02
269,15219,기타 신발 제조업,2022-08-02
270,1522,신발 부분품 제조업,2022-08-02
271,15220,신발 부분품 제조업,2022-08-02
272,16,목재 및 나무제품 제조업; 가구 제외,2022-08-02
273,161,제재 및 목재 가공업,2022-08-02
274,1610,제재 및 목재 가공업,2022-08-02
275,16101,일반 제재업,2022-08-02
276,16102,표면 가공목재 및 특정 목적용 제재목 제조업,2022-08-02
277,16103,목재 보존,2022-08-02
278,162,나무제품 제조업,2022-08-02
279,1621,박판,2022-08-02
280,16211,박판,2022-08-02
281,16212,강화 및 재생 목재 제조업,2022-08-02
282,1622,건축용 나무제품 제조업,2022-08-02
283,16221,목재 문 및 관련제품 제조업,2022-08-02
284,16229,기타 건축용 나무제품 제조업,2022-08-02
285,1623,목재 상자,2022-08-02
286,16231,목재 깔판류 및 기타 적재판 제조업,2022-08-02
287,16232,목재 포장용 상자,2022-08-02
288,1629,기타 나무제품 제조업,2022-08-02
289,16291,목재 도구 및 주방용 나무제품 제조업,2022-08-02
290,16292,장식용 목제품 제조업,2022-08-02
291,16299,그 외 기타 나무제품 제조업,2022-08-02
292,163,코르크 및 조물 제품 제조업,2022-08-02
293,1630,코르크 및 조물 제품 제조업,2022-08-02
294,16300,코르크 및 조물 제품 제조업,2022-08-02
295,17,펄프,2022-08-02
296,171,펄프,2022-08-02
297,1711,펄프 제조업,2022-08-02
298,17110,펄프 제조업,2022-08-02
299,1712,종이 및 판지 제조업,2022-08-02
300,17121,신문용지 제조업,2022-08-02
301,17122,인쇄용 및 필기용 원지 제조업,2022-08-02
302,17123,크라프트지 및 상자용 판지 제조업,2022-08-02
303,17124,적층,2022-08-02
304,17125,위생용 원지 제조업,2022-08-02
305,17129,기타 종이 및 판지 제조업,2022-08-02
306,172,골판지,2022-08-02
307,1721,골판지 및 골판지 가공제품 제조업,2022-08-02
308,17211,골판지 제조업,2022-08-02
309,17212,골판지 상자 및 가공제품 제조업,2022-08-02
310,1722,종이 포대,2022-08-02
311,17221,종이 포대 및 가방 제조업,2022-08-02
312,17222,판지 상자 및 용기 제조업,2022-08-02
313,17223,식품 위생용 종이 상자 및 용기 제조업,2022-08-02
314,17229,기타 종이 상자 및 용기 제조업,2022-08-02
315,179,기타 종이 및 판지 제품 제조업,2022-08-02
316,1790,기타 종이 및 판지 제품 제조업,2022-08-02
317,17901,문구용 종이제품 제조업,2022-08-02
318,17902,위생용 종이제품 제조업,2022-08-02
319,17903,벽지 및 장판지 제조업,2022-08-02
320,17909,그 외 기타 종이 및 판지 제품 제조업,2022-08-02
321,18,인쇄 및 기록매체 복제업,2022-08-02
322,181,인쇄 및 인쇄관련 산업,2022-08-02
323,1811,인쇄업,2022-08-02
324,18111,경 인쇄업,2022-08-02
325,18112,스크린 인쇄업,2022-08-02
326,18113,오프셋 인쇄업,2022-08-02
327,18119,기타 인쇄업,2022-08-02
328,1812,인쇄관련 산업,2022-08-02
329,18121,제판 및 조판업,2022-08-02
330,18122,제책업,2022-08-02
331,18129,기타 인쇄관련 산업,2022-08-02
332,182,기록매체 복제업,2022-08-02
333,1820,기록매체 복제업,2022-08-02
334,18200,기록매체 복제업,2022-08-02
335,19,코크스,2022-08-02
336,191,코크스 및 연탄 제조업,2022-08-02
337,1910,코크스 및 연탄 제조업,2022-08-02
338,19101,코크스 및 관련제품 제조업,2022-08-02
339,19102,연탄 및 기타 석탄 가공품 제조업,2022-08-02
340,192,석유 정제품 제조업,2022-08-02
341,1921,원유 정제처리업,2022-08-02
342,19210,원유 정제처리업,2022-08-02
343,1922,석유 정제물 재처리업,2022-08-02
344,19221,윤활유 및 그리스 제조업,2022-08-02
345,19229,기타 석유 정제물 재처리업,2022-08-02
346,20,화학 물질 및 화학제품 제조업; 의약품 제외,2022-08-02
347,201,기초 화학물질 제조업,2022-08-02
348,2011,기초 유기화학 물질 제조업,2022-08-02
349,20111,석유화학계 기초 화학 물질 제조업,2022-08-02
350,20112,천연수지 및 나무 화학 물질 제조업,2022-08-02
351,20119,석탄화학계 화합물 및 기타 기초 유기화학 물질 제조업,2022-08-02
352,2012,기초 무기화학 물질 제조업,2022-08-02
353,20121,산업용 가스 제조업,2022-08-02
354,20129,기타 기초 무기화학 물질 제조업,2022-08-02
355,2013,무기 안료,2022-08-02
356,20131,무기 안료용 금속 산화물 및 관련 제품 제조업,2022-08-02
357,20132,염료,2022-08-02
358,202,합성고무 및 플라스틱 물질 제조업,2022-08-02
359,2020,합성고무 및 플라스틱 물질 제조업,2022-08-02
360,20201,합성고무 제조업,2022-08-02
361,20202,합성수지 및 기타 플라스틱 물질 제조업,2022-08-02
362,20203,혼성 및 재생 플라스틱 소재 물질 제조업,2022-08-02
363,203,비료,2022-08-02
364,2031,비료 및 질소 화합물 제조업,2022-08-02
365,20311,질소 화합물,2022-08-02
366,20312,복합비료 및 기타 화학비료 제조업,2022-08-02
367,20313,유기질 비료 및 상토 제조업,2022-08-02
368,2032,살균ㆍ살충제 및 농약 제조업,2022-08-02
369,20321,화학 살균ㆍ살충제 및 농업용 약제 제조업,2022-08-02
370,20322,생물 살균ㆍ살충제 및 식물보호제 제조업,2022-08-02
371,204,기타 화학제품 제조업,2022-08-02
372,2041,잉크,2022-08-02
373,20411,일반용 도료 및 관련제품 제조업,2022-08-02
374,20412,요업용 도포제 및 관련제품 제조업,2022-08-02
375,20413,인쇄 잉크 및 회화용 물감 제조업,2022-08-02
376,2042,세제,2022-08-02
377,20421,계면활성제 제조업,2022-08-02
378,20422,치약,2022-08-02
379,20423,화장품 제조업,2022-08-02
380,20424,표면 광택제 및 실내 가향제 제조업,2022-08-02
381,2049,그 외 기타 화학제품 제조업,2022-08-02
382,20491,감광 재료 및 관련 화학제품 제조업,2022-08-02
383,20492,가공 및 정제염 제조업,2022-08-02
384,20493,접착제 및 젤라틴 제조업,2022-08-02
385,20494,화약 및 불꽃제품 제조업,2022-08-02
386,20495,바이오 연료 및 혼합물 제조업,2022-08-02
387,20499,그 외 기타 분류 안된 화학제품 제조업,2022-08-02
388,205,화학섬유 제조업,2022-08-02
389,2050,화학섬유 제조업,2022-08-02
390,20501,합성섬유 제조업,2022-08-02
391,20502,재생 섬유 제조업,2022-08-02
392,21,의료용 물질 및 의약품 제조업,2022-08-02
393,211,기초 의약 물질 및 생물학적 제제 제조업,2022-08-02
394,2110,기초 의약 물질 및 생물학적 제제 제조업,2022-08-02
395,21101,의약용 화합물 및 항생물질 제조업,2022-08-02
396,21102,생물학적 제제 제조업,2022-08-02
397,212,의약품 제조업,2022-08-02
398,2121,완제 의약품 제조업,2022-08-02
399,21210,완제 의약품 제조업,2022-08-02
400,2122,한의약품 제조업,2022-08-02
401,21220,한의약품 제조업,2022-08-02
402,2123,동물용 의약품 제조업,2022-08-02
403,21230,동물용 의약품 제조업,2022-08-02
404,213,의료용품 및 기타 의약 관련제품 제조업,2022-08-02
405,2130,의료용품 및 기타 의약 관련제품 제조업,2022-08-02
406,21300,의료용품 및 기타 의약 관련제품 제조업,2022-08-02
407,22,고무 및 플라스틱제품 제조업,2022-08-02
408,221,고무제품 제조업,2022-08-02
409,2211,고무 타이어 및 튜브 생산업,2022-08-02
410,22111,타이어 및 튜브 제조업,2022-08-02
411,22112,타이어 재생업,2022-08-02
412,2219,기타 고무제품 제조업,2022-08-02
413,22191,고무 패킹류 제조업,2022-08-02
414,22192,산업용 그 외 비경화 고무제품 제조업,2022-08-02
415,22193,고무 의류 및 기타 위생용 비경화 고무제품 제조업,2022-08-02
416,22199,그 외 기타 고무제품 제조업,2022-08-02
417,222,플라스틱 제품 제조업,2022-08-02
418,2221,1차 플라스틱제품 제조업,2022-08-02
419,22211,플라스틱 선,2022-08-02
420,22212,플라스틱 필름 제조업,2022-08-02
421,22213,플라스틱 시트 및 판 제조업,2022-08-02
422,22214,플라스틱 합성피혁 제조업,2022-08-02
423,2222,건축용 플라스틱제품 제조업,2022-08-02
424,22221,벽 및 바닥 피복용 플라스틱 제품 제조업,2022-08-02
425,22222,설치용 및 위생용 플라스틱제품 제조업,2022-08-02
426,22223,플라스틱 창호 제조업,2022-08-02
427,22229,기타 건축용 플라스틱 조립제품 제조업,2022-08-02
428,2223,포장용 플라스틱제품 제조업,2022-08-02
429,22231,플라스틱 포대,2022-08-02
430,22232,포장용 플라스틱 성형용기 제조업,2022-08-02
431,2224,기계장비 조립용 플라스틱제품 제조업,2022-08-02
432,22241,운송장비 조립용 플라스틱제품 제조업,2022-08-02
433,22249,기타 기계ㆍ장비 조립용 플라스틱제품 제조업,2022-08-02
434,2225,플라스틱 발포 성형제품 제조업,2022-08-02
435,22251,폴리스티렌 발포 성형제품 제조업,2022-08-02
436,22259,기타 플라스틱 발포 성형제품 제조업,2022-08-02
437,2229,기타 플라스틱 제품 제조업,2022-08-02
438,22291,플라스틱 접착처리 제품 제조업,2022-08-02
439,22292,플라스틱 적층,2022-08-02
440,22299,그 외 기타 플라스틱 제품 제조업,2022-08-02
441,23,비금속 광물제품 제조업,2022-08-02
442,231,유리 및 유리제품 제조업,2022-08-02
443,2311,판유리 및 판유리 가공품 제조업,2022-08-02
444,23111,판유리 제조업,2022-08-02
445,23112,안전유리 제조업,2022-08-02
446,23119,기타 판유리 가공품 제조업,2022-08-02
447,2312,산업용 유리 제조업,2022-08-02
448,23121,1차 유리제품,2022-08-02
449,23122,디스플레이 장치용 유리 제조업,2022-08-02
450,23129,기타 산업용 유리제품 제조업,2022-08-02
451,2319,기타 유리제품 제조업,2022-08-02
452,23191,가정용 유리제품 제조업,2022-08-02
453,23192,포장용 유리용기 제조업,2022-08-02
454,23199,그 외 기타 유리제품 제조업,2022-08-02
455,232,내화,2022-08-02
456,2321,내화 요업제품 제조업,2022-08-02
457,23211,정형 내화 요업제품 제조업,2022-08-02
458,23212,부정형 내화 요업제품 제조업,2022-08-02
459,2322,비내화 일반 도자기 제조업,2022-08-02
460,23221,가정용 및 장식용 도자기 제조업,2022-08-02
461,23222,위생용 및 산업용 도자기 제조업,2022-08-02
462,23229,기타 일반 도자기 제조업,2022-08-02
463,2323,건축용 비내화 요업제품 제조업,2022-08-02
464,23231,점토 벽돌,2022-08-02
465,23232,타일 및 유사 비내화 요업제품 제조업,2022-08-02
466,23239,기타 건축용 비내화 요업제품 제조업,2022-08-02
467,233,시멘트,2022-08-02
468,2331,시멘트,2022-08-02
469,23311,시멘트 제조업,2022-08-02
470,23312,석회 및 플라스터 제조업,2022-08-02
471,2332,콘크리트,2022-08-02
472,23321,비내화 모르타르 제조업,2022-08-02
473,23322,레미콘 제조업,2022-08-02
474,23323,플라스터 혼합제품 제조업,2022-08-02
475,23324,콘크리트 타일,2022-08-02
476,23325,콘크리트 관 및 기타 구조용 콘크리트제품 제조업,2022-08-02
477,23329,그 외 기타 콘크리트 제품 및 유사 제품 제조업,2022-08-02
478,239,기타 비금속 광물제품 제조업,2022-08-02
479,2391,석제품 제조업,2022-08-02
480,23911,건설용 석제품 제조업,2022-08-02
481,23919,기타 석제품 제조업,2022-08-02
482,2399,그 외 기타 비금속 광물제품 제조업,2022-08-02
483,23991,아스팔트 콘크리트 및 혼합제품 제조업,2022-08-02
484,23992,연마재 제조업,2022-08-02
485,23993,비금속광물 분쇄물 생산업,2022-08-02
486,23994,암면 및 유사 제품 제조업,2022-08-02
487,23995,탄소섬유 제조업,2022-08-02
488,23999,그 외 기타 분류 안된 비금속 광물제품 제조업,2022-08-02
489,24,1차 금속 제조업,2022-08-02
490,241,1차 철강 제조업,2022-08-02
491,2411,제철,2022-08-02
492,24111,제철업,2022-08-02
493,24112,제강업,2022-08-02
494,24113,합금철 제조업,2022-08-02
495,24119,기타 제철 및 제강업,2022-08-02
496,2412,철강 압연,2022-08-02
497,24121,열간 압연 및 압출제품 제조업,2022-08-02
498,24122,냉간 압연 및 압출 제품 제조업,2022-08-02
499,24123,철강선 제조업,2022-08-02
500,2413,철강관 제조업,2022-08-02
501,24131,주철관 제조업,2022-08-02
502,24132,강관 제조업,2022-08-02
503,24133,강관 가공품 및 관 연결구류 제조업,2022-08-02
504,2419,기타 1차 철강 제조업,2022-08-02
505,24191,도금,2022-08-02
506,24199,그 외 기타 1차 철강 제조업,2022-08-02
507,242,1차 비철금속 제조업,2022-08-02
508,2421,비철금속 제련,2022-08-02
509,24211,동 제련,2022-08-02
510,24212,알루미늄 제련,2022-08-02
511,24213,연 및 아연 제련,2022-08-02
512,24219,기타 비철금속 제련,2022-08-02
513,2422,비철금속 압연,2022-08-02
514,24221,동 압연,2022-08-02
515,24222,알루미늄 압연,2022-08-02
516,24229,기타 비철금속 압연,2022-08-02
517,2429,기타 1차 비철금속 제조업,2022-08-02
518,24290,기타 1차 비철금속 제조업,2022-08-02
519,243,금속 주조업,2022-08-02
520,2431,철강 주조업,2022-08-02
521,24311,선철 주물 주조업,2022-08-02
522,24312,강 주물 주조업,2022-08-02
523,2432,비철금속 주조업,2022-08-02
524,24321,알루미늄 주물 주조업,2022-08-02
525,24322,동 주물 주조업,2022-08-02
526,24329,기타 비철금속 주조업,2022-08-02
527,25,금속 가공제품 제조업; 기계 및 가구 제외,2022-08-02
528,251,구조용 금속제품,2022-08-02
529,2511,구조용 금속제품 제조업,2022-08-02
530,25111,금속 문,2022-08-02
531,25112,구조용 금속 판제품 및 공작물 제조업,2022-08-02
532,25113,육상 금속 골조 구조재 제조업,2022-08-02
533,25114,수상 금속 골조 구조재 제조업,2022-08-02
534,25119,기타 구조용 금속제품 제조업,2022-08-02
535,2512,산업용 난방 보일러,2022-08-02
536,25121,산업용 난방보일러 및 방열기 제조업,2022-08-02
537,25122,금속 탱크 및 저장 용기 제조업,2022-08-02
538,25123,압축 및 액화 가스 용기 제조업,2022-08-02
539,2513,핵반응기 및 증기보일러 제조업,2022-08-02
540,25130,핵반응기 및 증기보일러 제조업,2022-08-02
541,252,무기 및 총포탄 제조업,2022-08-02
542,2520,무기 및 총포탄 제조업,2022-08-02
543,25200,무기 및 총포탄 제조업,2022-08-02
544,259,기타 금속 가공제품 제조업,2022-08-02
545,2591,금속 단조,2022-08-02
546,25911,분말 야금제품 제조업,2022-08-02
547,25912,금속 단조제품 제조업,2022-08-02
548,25913,자동차용 금속 압형제품 제조업,2022-08-02
549,25914,그 외 금속 압형제품 제조업,2022-08-02
550,2592,금속 열처리,2022-08-02
551,25921,금속 열처리업,2022-08-02
552,25922,도금업,2022-08-02
553,25923,도장 및 기타 피막 처리업,2022-08-02
554,25924,절삭 가공 및 유사 처리업,2022-08-02
555,25929,그 외 기타 금속 가공업,2022-08-02
556,2593,날붙이,2022-08-02
557,25931,날붙이 제조업,2022-08-02
558,25932,일반 철물 제조업,2022-08-02
559,25933,비동력식 수공구 제조업,2022-08-02
560,25934,톱 및 호환성 공구 제조업,2022-08-02
561,2594,금속 파스너,2022-08-02
562,25941,볼트 및 너트류 제조업,2022-08-02
563,25942,그 외 금속 파스너 및 나사제품 제조업,2022-08-02
564,25943,금속 스프링 제조업,2022-08-02
565,25944,금속선 가공제품 제조업,2022-08-02
566,2599,그 외 기타 금속 가공제품 제조업,2022-08-02
567,25991,금속 캔 및 기타 포장용기 제조업,2022-08-02
568,25992,수동식 식품 가공 기기 및 금속 주방용기 제조업,2022-08-02
569,25993,금속 위생용품 제조업,2022-08-02
570,25994,금속 표시판 제조업,2022-08-02
571,25995,피복 및 충전 용접봉 제조업,2022-08-02
572,25999,그 외 기타 분류 안된 금속 가공제품 제조업,2022-08-02
573,26,전자 부품,2022-08-02
574,261,반도체 제조업,2022-08-02
575,2611,전자집적회로 제조업,2022-08-02
576,26111,메모리용 전자집적회로 제조업,2022-08-02
577,26112,비메모리용 및 기타 전자집적회로 제조업,2022-08-02
578,2612,다이오드,2022-08-02
579,26121,발광 다이오드 제조업,2022-08-02
580,26129,기타 반도체 소자 제조업,2022-08-02
581,262,전자 부품 제조업,2022-08-02
582,2621,표시장치 제조업,2022-08-02
583,26211,액정 표시장치 제조업,2022-08-02
584,26212,유기 발광 표시장치 제조업,2022-08-02
585,26219,기타 표시장치 제조업,2022-08-02
586,2622,인쇄회로기판 및 전자부품 실장기판 제조업,2022-08-02
587,26221,인쇄회로기판용 적층판 제조업,2022-08-02
588,26222,경성 인쇄회로기판 제조업,2022-08-02
589,26223,연성 및 기타 인쇄회로기판 제조업,2022-08-02
590,26224,전자 부품 실장기판 제조업,2022-08-02
591,2629,기타 전자 부품 제조업,2022-08-02
592,26291,전자 축전기 제조업,2022-08-02
593,26292,전자 저항기 제조업,2022-08-02
594,26293,전자카드 제조업,2022-08-02
595,26294,전자코일,2022-08-02
596,26295,전자 감지장치 제조업,2022-08-02
597,26299,그 외 기타 전자 부품 제조업,2022-08-02
598,263,컴퓨터 및 주변 장치 제조업,2022-08-02
599,2631,컴퓨터 제조업,2022-08-02
600,26310,컴퓨터 제조업,2022-08-02
601,2632,기억 장치 및 주변 기기 제조업,2022-08-02
602,26321,기억 장치 제조업,2022-08-02
603,26322,컴퓨터 모니터 제조업,2022-08-02
604,26323,컴퓨터 프린터 제조업,2022-08-02
605,26329,기타 주변 기기 제조업,2022-08-02
606,264,통신 및 방송장비 제조업,2022-08-02
607,2641,유선 통신장비 제조업,2022-08-02
608,26410,유선 통신장비 제조업,2022-08-02
609,2642,방송 및 무선 통신장비 제조업,2022-08-02
610,26421,방송장비 제조업,2022-08-02
611,26422,이동 전화기 제조업,2022-08-02
612,26429,기타 무선 통신장비 제조업,2022-08-02
613,265,영상 및 음향 기기 제조업,2022-08-02
614,2651,텔레비전,2022-08-02
615,26511,텔레비전 제조업,2022-08-02
616,26519,비디오 및 기타 영상 기기 제조업,2022-08-02
617,2652,오디오,2022-08-02
618,26521,라디오,2022-08-02
619,26529,기타 음향기기 제조업,2022-08-02
620,266,마그네틱 및 광학 매체 제조업,2022-08-02
621,2660,마그네틱 및 광학 매체 제조업,2022-08-02
622,26600,마그네틱 및 광학 매체 제조업,2022-08-02
623,27,의료,2022-08-02
624,271,의료용 기기 제조업,2022-08-02
625,2711,방사선 장치 및 전기식 진단 기기 제조업,2022-08-02
626,27111,방사선 장치 제조업,2022-08-02
627,27112,전기식 진단 및 요법 기기 제조업,2022-08-02
628,2719,기타 의료용 기기 제조업,2022-08-02
629,27191,치과용 기기 제조업,2022-08-02
630,27192,정형 외과용 및 신체 보정용 기기 제조업,2022-08-02
631,27193,안경 및 안경렌즈 제조업,2022-08-02
632,27194,의료용 가구 제조업,2022-08-02
633,27199,그 외 기타 의료용 기기 제조업,2022-08-02
634,272,측정,2022-08-02
635,2721,측정,2022-08-02
636,27211,레이더,2022-08-02
637,27212,전자기 측정,2022-08-02
638,27213,물질 검사,2022-08-02
639,27214,속도계 및 적산계기 제조업,2022-08-02
640,27215,기기용 자동 측정 및 제어장치 제조업,2022-08-02
641,27216,산업 처리공정 제어장비 제조업,2022-08-02
642,27219,기타 측정,2022-08-02
643,273,사진장비 및 광학 기기 제조업,2022-08-02
644,2730,사진장비 및 광학기기 제조업,2022-08-02
645,27301,광학 렌즈 및 광학 요소 제조업,2022-08-02
646,27302,사진기,2022-08-02
647,27309,기타 광학 기기 제조업,2022-08-02
648,274,시계 및 시계 부품 제조업,2022-08-02
649,2740,시계 및 시계 부품 제조업,2022-08-02
650,27400,시계 및 시계 부품 제조업,2022-08-02
651,28,전기장비 제조업,2022-08-02
652,281,전동기,2022-08-02
653,2811,전동기,2022-08-02
654,28111,전동기 및 발전기 제조업,2022-08-02
655,28112,변압기 제조업,2022-08-02
656,28113,방전 램프용 안정기 제조업,2022-08-02
657,28114,에너지 저장장치 제조업,2022-08-02
658,28119,기타 전기 변환장치 제조업,2022-08-02
659,2812,전기 공급 및 제어장치 제조업,2022-08-02
660,28121,전기회로 개폐,2022-08-02
661,28122,전기회로 접속장치 제조업,2022-08-02
662,28123,배전반 및 전기 자동제어반 제조업,2022-08-02
663,282,일차전지 및 축전지 제조업,2022-08-02
664,2820,일차전지 및 축전지 제조업,2022-08-02
665,28201,일차전지 제조업,2022-08-02
666,28202,축전지 제조업,2022-08-02
667,283,절연선 및 케이블 제조업,2022-08-02
668,2830,절연선 및 케이블 제조업,2022-08-02
669,28301,광섬유 케이블 제조업,2022-08-02
670,28302,기타 절연선 및 케이블 제조업,2022-08-02
671,28303,절연 코드세트 및 기타 도체 제조업,2022-08-02
672,284,전구 및 조명장치 제조업,2022-08-02
673,2841,전구 및 램프 제조업,2022-08-02
674,28410,전구 및 램프 제조업,2022-08-02
675,2842,조명장치 제조업,2022-08-02
676,28421,운송장비용 조명장치 제조업,2022-08-02
677,28422,일반용 전기 조명장치 제조업,2022-08-02
678,28423,전시 및 광고용 조명장치 제조업,2022-08-02
679,28429,기타 조명장치 제조업,2022-08-02
680,285,가정용 기기 제조업,2022-08-02
681,2851,가정용 전기 기기 제조업,2022-08-02
682,28511,주방용 전기 기기 제조업,2022-08-02
683,28512,가정용 전기 난방기기 제조업,2022-08-02
684,28519,기타 가정용 전기 기기 제조업,2022-08-02
685,2852,가정용 비전기식 조리 및 난방 기구 제조업,2022-08-02
686,28520,가정용 비전기식 조리 및 난방 기구 제조업,2022-08-02
687,289,기타 전기장비 제조업,2022-08-02
688,2890,기타 전기장비 제조업,2022-08-02
689,28901,전기 경보 및 신호장치 제조업,2022-08-02
690,28902,전기용 탄소제품 및 절연제품 제조업,2022-08-02
691,28903,교통 신호장치 제조업,2022-08-02
692,28909,그 외 기타 전기장비 제조업,2022-08-02
693,29,기타 기계 및 장비 제조업,2022-08-02
694,291,일반 목적용 기계 제조업,2022-08-02
695,2911,내연기관 및 터빈 제조업; 항공기용 및 차량용 제외,2022-08-02
696,29111,내연기관 제조업,2022-08-02
697,29119,기타 기관 및 터빈 제조업,2022-08-02
698,2912,유압 기기 제조업,2022-08-02
699,29120,유압 기기 제조업,2022-08-02
700,2913,펌프 및 압축기 제조업; 탭,2022-08-02
701,29131,액체 펌프 제조업,2022-08-02
702,29132,기체 펌프 및 압축기 제조업,2022-08-02
703,29133,탭,2022-08-02
704,2914,베어링,2022-08-02
705,29141,구름베어링 제조업,2022-08-02
706,29142,기어 및 동력전달장치 제조업,2022-08-02
707,2915,산업용 오븐,2022-08-02
708,29150,산업용 오븐,2022-08-02
709,2916,산업용 트럭,2022-08-02
710,29161,산업용 트럭 및 적재기 제조업,2022-08-02
711,29162,승강기 제조업,2022-08-02
712,29163,컨베이어 장치 제조업,2022-08-02
713,29169,기타 물품 취급장비 제조업,2022-08-02
714,2917,냉각,2022-08-02
715,29171,산업용 냉장 및 냉동장비 제조업,2022-08-02
716,29172,공기 조화장치 제조업,2022-08-02
717,29173,산업용 송풍기 및 배기장치 제조업,2022-08-02
718,29174,기체 여과기 제조업,2022-08-02
719,29175,액체 여과기 제조업,2022-08-02
720,29176,증류기,2022-08-02
721,2918,사무용 기계 및 장비 제조업,2022-08-02
722,29180,사무용 기계 및 장비 제조업,2022-08-02
723,2919,기타 일반 목적용 기계 제조업,2022-08-02
724,29191,일반 저울 제조업,2022-08-02
725,29192,용기 세척,2022-08-02
726,29193,분사기 및 소화기 제조업,2022-08-02
727,29194,동력식 수지 공구 제조업,2022-08-02
728,29199,그 외 기타 일반 목적용 기계 제조업,2022-08-02
729,292,특수 목적용 기계 제조업,2022-08-02
730,2921,농업 및 임업용 기계 제조업,2022-08-02
731,29210,농업 및 임업용 기계 제조업,2022-08-02
732,2922,가공 공작기계 제조업,2022-08-02
733,29221,전자 응용 절삭기계 제조업,2022-08-02
734,29222,디지털 적층 성형기계 제조업,2022-08-02
735,29223,금속 절삭기계 제조업,2022-08-02
736,29224,금속 성형기계 제조업,2022-08-02
737,29229,기타 가공 공작기계 제조업,2022-08-02
738,2923,금속 주조 및 기타 야금용 기계 제조업,2022-08-02
739,29230,금속 주조 및 기타 야금용 기계 제조업,2022-08-02
740,2924,건설 및 광업용 기계장비 제조업,2022-08-02
741,29241,건설 및 채광용 기계장비 제조업,2022-08-02
742,29242,광물 처리 및 취급장비 제조업,2022-08-02
743,2925,음ㆍ식료품 및 담배 가공기계 제조업,2022-08-02
744,29250,음ㆍ식료품 및 담배 가공기계 제조업,2022-08-02
745,2926,섬유,2022-08-02
746,29261,산업용 섬유 세척,2022-08-02
747,29269,기타 섬유,2022-08-02
748,2927,반도체 및 디스플레이 제조용 기계 제조업,2022-08-02
749,29271,반도체 제조용 기계 제조업,2022-08-02
750,29272,디스플레이 제조용 기계 제조업,2022-08-02
751,2928,산업용 로봇 제조업,2022-08-02
752,29280,산업용 로봇 제조업,2022-08-02
753,2929,기타 특수 목적용 기계 제조업,2022-08-02
754,29291,펄프 및 종이 가공용 기계 제조업,2022-08-02
755,29292,고무,2022-08-02
756,29293,인쇄 및 제책용 기계 제조업,2022-08-02
757,29294,주형 및 금형 제조업,2022-08-02
758,29299,그 외 기타 특수 목적용 기계 제조업,2022-08-02
759,30,자동차 및 트레일러 제조업,2022-08-02
760,301,자동차용 엔진 및 자동차 제조업,2022-08-02
761,3011,자동차용 엔진 제조업,2022-08-02
762,30110,자동차용 엔진 제조업,2022-08-02
763,3012,자동차 제조업,2022-08-02
764,30121,승용차 및 기타 여객용 자동차 제조업,2022-08-02
765,30122,화물 자동차 및 특수 목적용 자동차 제조업,2022-08-02
766,302,자동차 차체 및 트레일러 제조업,2022-08-02
767,3020,자동차 차체 및 트레일러 제조업,2022-08-02
768,30201,차체 및 특장차 제조업,2022-08-02
769,30202,자동차 구조 및 장치 변경업,2022-08-02
770,30203,트레일러 및 세미 트레일러 제조업,2022-08-02
771,303,자동차 신품 부품 제조업,2022-08-02
772,3031,자동차 엔진용 신품 부품 제조업,2022-08-02
773,30310,자동차 엔진용 신품 부품 제조업,2022-08-02
774,3032,자동차 차체용 신품 부품 제조업,2022-08-02
775,30320,자동차 차체용 신품 부품 제조업,2022-08-02
776,3033,자동차용 신품 동력 전달장치 및 전기장치 제조업,2022-08-02
777,30331,자동차용 신품 동력 전달장치 제조업,2022-08-02
778,30332,자동차용 신품 전기장치 제조업,2022-08-02
779,3039,자동차용 기타 신품 부품 제조업,2022-08-02
780,30391,자동차용 신품 조향장치 및 현가장치 제조업,2022-08-02
781,30392,자동차용 신품 제동장치 제조업,2022-08-02
782,30393,자동차용 신품 의자 제조업,2022-08-02
783,30399,그 외 자동차용 신품 부품 제조업,2022-08-02
784,304,자동차 재제조 부품 제조업,2022-08-02
785,3040,자동차 재제조 부품 제조업,2022-08-02
786,30400,자동차 재제조 부품 제조업,2022-08-02
787,31,기타 운송장비 제조업,2022-08-02
788,311,선박 및 보트 건조업,2022-08-02
789,3111,선박 및 수상 부유 구조물 건조업,2022-08-02
790,31111,강선 건조업,2022-08-02
791,31112,합성수지선 건조업,2022-08-02
792,31113,기타 선박 건조업,2022-08-02
793,31114,선박 구성 부분품 제조업,2022-08-02
794,3112,오락 및 스포츠용 보트 건조업,2022-08-02
795,31120,오락 및 스포츠용 보트 건조업,2022-08-02
796,312,철도장비 제조업,2022-08-02
797,3120,철도장비 제조업,2022-08-02
798,31201,기관차 및 기타 철도 차량 제조업,2022-08-02
799,31202,철도 차량 부품 및 관련 장치물 제조업,2022-08-02
800,313,항공기,2022-08-02
801,3131,항공기,2022-08-02
802,31311,유인 항공기,2022-08-02
803,31312,무인 항공기 및 무인 비행장치 제조업,2022-08-02
804,3132,항공기용 엔진 및 부품 제조업,2022-08-02
805,31321,항공기용 엔진 제조업,2022-08-02
806,31322,항공기용 부품 제조업,2022-08-02
807,319,그 외 기타 운송장비 제조업,2022-08-02
808,3191,전투용 차량 제조업,2022-08-02
809,31910,전투용 차량 제조업,2022-08-02
810,3192,모터사이클 제조업,2022-08-02
811,31920,모터사이클 제조업,2022-08-02
812,3199,그 외 기타 분류 안된 운송장비 제조업,2022-08-02
813,31991,자전거 및 환자용 차량 제조업,2022-08-02
814,31999,그 외 기타 달리 분류되지 않은 운송장비 제조업,2022-08-02
815,32,가구 제조업,2022-08-02
816,320,가구 제조업,2022-08-02
817,3201,침대 및 내장 가구 제조업,2022-08-02
818,32011,매트리스 및 침대 제조업,2022-08-02
819,32019,소파 및 기타 내장 가구 제조업,2022-08-02
820,3202,목재 가구 제조업,2022-08-02
821,32021,주방용 및 음식점용 목재 가구 제조업,2022-08-02
822,32029,기타 목재 가구 제조업,2022-08-02
823,3209,기타 가구 제조업,2022-08-02
824,32091,금속 가구 제조업,2022-08-02
825,32099,그 외 기타 가구 제조업,2022-08-02
826,33,기타 제품 제조업,2022-08-02
827,331,귀금속 및 장신용품 제조업,2022-08-02
828,3311,귀금속 및 관련제품 제조업,2022-08-02
829,33110,귀금속 및 관련제품 제조업,2022-08-02
830,3312,모조 귀금속 및 모조 장신용품 제조업,2022-08-02
831,33120,모조 귀금속 및 모조 장신용품 제조업,2022-08-02
832,332,악기 제조업,2022-08-02
833,3320,악기 제조업,2022-08-02
834,33201,건반 악기 제조업,2022-08-02
835,33202,전자 악기 제조업,2022-08-02
836,33209,기타 악기 제조업,2022-08-02
837,333,운동 및 경기용구 제조업,2022-08-02
838,3330,운동 및 경기용구 제조업,2022-08-02
839,33301,체조,2022-08-02
840,33302,놀이터용 장비 제조업,2022-08-02
841,33303,낚시 및 수렵용구 제조업,2022-08-02
842,33309,기타 운동 및 경기용구 제조업,2022-08-02
843,334,인형,2022-08-02
844,3340,인형,2022-08-02
845,33401,인형 및 장난감 제조업,2022-08-02
846,33402,영상게임기 제조업,2022-08-02
847,33409,기타 오락용품 제조업,2022-08-02
848,339,그 외 기타 제품 제조업,2022-08-02
849,3391,간판 및 광고물 제조업,2022-08-02
850,33910,간판 및 광고물 제조업,2022-08-02
851,3392,사무 및 회화용품 제조업,2022-08-02
852,33920,사무 및 회화용품 제조업,2022-08-02
853,3393,가발,2022-08-02
854,33931,가발 및 유사 제품 제조업,2022-08-02
855,33932,전시용 모형 제조업,2022-08-02
856,33933,표구 처리업,2022-08-02
857,3399,그 외 기타 분류 안된 제품 제조업,2022-08-02
858,33991,단추 및 유사 파스너 제조업,2022-08-02
859,33992,라이터,2022-08-02
860,33993,비 및 솔 제조업,2022-08-02
861,33999,그 외 기타 달리 분류되지 않은 제품 제조업,2022-08-02
862,34,산업용 기계 및 장비 수리업,2022-08-02
863,340,산업용 기계 및 장비 수리업,2022-08-02
864,3401,일반 기계류 수리업,2022-08-02
865,34011,건설ㆍ광업용 기계 및 장비 수리업,2022-08-02
866,34019,기타 일반 기계 및 장비 수리업,2022-08-02
867,3402,전기ㆍ전자 및 정밀 기기 수리업,2022-08-02
868,34020,전기ㆍ전자 및 정밀 기기 수리업,2022-08-02
869,35,전기,2022-08-02
870,351,전기업,2022-08-02
871,3511,발전업,2022-08-02
872,35111,원자력 발전업,2022-08-02
873,35112,수력 발전업,2022-08-02
874,35113,화력 발전업,2022-08-02
875,35114,태양력 발전업,2022-08-02
876,35119,기타 발전업,2022-08-02
877,3512,송전 및 배전업,2022-08-02
878,35120,송전 및 배전업,2022-08-02
879,3513,전기 판매업,2022-08-02
880,35130,전기 판매업,2022-08-02
881,352,연료용 가스 제조 및 배관공급업,2022-08-02
882,3520,연료용 가스 제조 및 배관공급업,2022-08-02
883,35200,연료용 가스 제조 및 배관공급업,2022-08-02
884,353,증기,2022-08-02
885,3530,증기,2022-08-02
886,35300,증기,2022-08-02
887,36,수도업,2022-08-02
888,360,수도업,2022-08-02
889,3601,생활용수 공급업,2022-08-02
890,36010,생활용수 공급업,2022-08-02
891,3602,산업용수 공급업,2022-08-02
892,36020,산업용수 공급업,2022-08-02
893,37,하수,2022-08-02
894,370,하수,2022-08-02
895,3701,하수 및 폐수 처리업,2022-08-02
896,37011,하수 처리업,2022-08-02
897,37012,폐수 처리업,2022-08-02
898,3702,분뇨 처리업,2022-08-02
899,37021,사람 분뇨 처리업,2022-08-02
900,37022,축산 분뇨 처리업,2022-08-02
901,38,폐기물 수집,2022-08-02
902,381,폐기물 수집,2022-08-02
903,3811,지정 외 폐기물 수집,2022-08-02
904,38110,지정 외 폐기물 수집,2022-08-02
905,3812,지정 폐기물 수집,2022-08-02
906,38120,지정 폐기물 수집,2022-08-02
907,3813,건설 폐기물 수집,2022-08-02
908,38130,건설 폐기물 수집,2022-08-02
909,382,폐기물 처리업,2022-08-02
910,3821,지정 외 폐기물 처리업,2022-08-02
911,38210,지정 외 폐기물 처리업,2022-08-02
912,3822,지정 폐기물 처리업,2022-08-02
913,38220,지정 폐기물 처리업,2022-08-02
914,3823,건설 폐기물 처리업,2022-08-02
915,38230,건설 폐기물 처리업,2022-08-02
916,3824,방사성 폐기물 수집,2022-08-02
917,38240,방사성 폐기물 수집,2022-08-02
918,383,해체,2022-08-02
919,3831,금속류 해체,2022-08-02
920,38311,금속류 해체 및 선별업,2022-08-02
921,38312,금속류 원료 재생업,2022-08-02
922,3832,비금속류 해체,2022-08-02
923,38321,비금속류 해체 및 선별업,2022-08-02
924,38322,비금속류 원료 재생업,2022-08-02
925,39,환경 정화 및 복원업,2022-08-02
926,390,환경 정화 및 복원업,2022-08-02
927,3900,환경 정화 및 복원업,2022-08-02
928,39001,토양 및 지하수 정화업,2022-08-02
929,39009,기타 환경 정화 및 복원업,2022-08-02
930,41,종합 건설업,2022-08-02
931,411,건물 건설업,2022-08-02
932,4111,주거용 건물 건설업,2022-08-02
933,41111,단독 주택 건설업,2022-08-02
934,41112,아파트 건설업,2022-08-02
935,41119,기타 공동 주택 건설업,2022-08-02
936,4112,비주거용 건물 건설업,2022-08-02
937,41121,사무ㆍ상업용 및 공공기관용 건물 건설업,2022-08-02
938,41122,제조업 및 유사 산업용 건물 건설업,2022-08-02
939,41129,기타 비주거용 건물 건설업,2022-08-02
940,412,토목 건설업,2022-08-02
941,4121,지반조성 건설업,2022-08-02
942,41210,지반조성 건설업,2022-08-02
943,4122,토목 시설물 건설업,2022-08-02
944,41221,도로 건설업,2022-08-02
945,41222,교량,2022-08-02
946,41223,항만,2022-08-02
947,41224,환경설비 건설업,2022-08-02
948,41225,산업 생산시설 종합 건설업,2022-08-02
949,41226,조경 건설업,2022-08-02
950,41229,기타 토목 시설물 건설업,2022-08-02
951,41999,건설업본사,2022-08-02
952,42,전문직별 공사업,2022-08-02
953,421,기반조성 및 시설물 축조관련 전문공사업,2022-08-02
954,4211,건물 및 구축물 해체 공사업,2022-08-02
955,42110,건물 및 구축물 해체 공사업,2022-08-02
956,4212,기반조성 관련 전문공사업,2022-08-02
957,42121,토공사업,2022-08-02
958,42122,보링,2022-08-02
959,42123,파일공사 및 축조관련 기초 공사업,2022-08-02
960,42129,기타 기반조성 관련 전문공사업,2022-08-02
961,4213,시설물 축조 관련 전문공사업,2022-08-02
962,42131,철골 및 관련 구조물 공사업,2022-08-02
963,42132,콘크리트 및 철근 공사업,2022-08-02
964,42133,조적 및 석공사업,2022-08-02
965,42134,포장 공사업,2022-08-02
966,42135,철도 궤도 전문공사업,2022-08-02
967,42136,수중 공사업,2022-08-02
968,42137,비계 및 형틀 공사업,2022-08-02
969,42138,지붕,2022-08-02
970,42139,기타 옥외 시설물 축조관련 전문공사업,2022-08-02
971,422,건물설비 설치 공사업,2022-08-02
972,4220,건물설비 설치 공사업,2022-08-02
973,42201,배관 및 냉ㆍ난방 공사업,2022-08-02
974,42202,건물용 기계ㆍ장비 설치 공사업,2022-08-02
975,42203,방음,2022-08-02
976,42204,소방시설 공사업,2022-08-02
977,42209,기타 건물 관련설비 설치 공사업,2022-08-02
978,423,전기 및 통신 공사업,2022-08-02
979,4231,전기 공사업,2022-08-02
980,42311,일반 전기 공사업,2022-08-02
981,42312,내부 전기배선 공사업,2022-08-02
982,4232,통신 공사업,2022-08-02
983,42321,일반 통신 공사업,2022-08-02
984,42322,내부 통신배선 공사업,2022-08-02
985,424,실내건축 및 건축마무리 공사업,2022-08-02
986,4241,도장,2022-08-02
987,42411,도장 공사업,2022-08-02
988,42412,도배,2022-08-02
989,4242,유리 및 창호 공사업,2022-08-02
990,42420,유리 및 창호 공사업,2022-08-02
991,4249,기타 건축 마무리 공사업,2022-08-02
992,42491,미장,2022-08-02
993,42492,건물용 금속 공작물 설치 공사업,2022-08-02
994,42499,그 외 기타 건축 마무리 공사업,2022-08-02
995,425,시설물 유지관리 공사업,2022-08-02
996,4250,시설물 유지관리 공사업,2022-08-02
997,42500,시설물 유지관리 공사업,2022-08-02
998,426,건설장비 운영업,2022-08-02
999,4260,건설장비 운영업,2022-08-02
1000,42600,건설장비 운영업,2022-08-02
1001,45,자동차 및 부품 판매업,2022-08-02
1002,451,자동차 판매업,2022-08-02
1003,4511,자동차 신품 판매업,2022-08-02
1004,45110,자동차 신품 판매업,2022-08-02
1005,4512,중고 자동차 판매업,2022-08-02
1006,45120,중고 자동차 판매업,2022-08-02
1007,452,자동차 부품 및 내장품 판매업,2022-08-02
1008,4521,자동차 신품 부품 및 내장품 판매업,2022-08-02
1009,45211,자동차 신품 타이어 및 튜브 판매업,2022-08-02
1010,45212,자동차용 전용 신품 부품 판매업,2022-08-02
1011,45213,자동차 내장용 신품 전기ㆍ전자ㆍ정밀기기 판매업,2022-08-02
1012,45219,기타 자동차 신품 부품 및 내장품 판매업,2022-08-02
1013,4522,자동차 중고 부품 및 내장품 판매업,2022-08-02
1014,45220,자동차 중고 부품 및 내장품 판매업,2022-08-02
1015,453,모터사이클 및 부품 판매업,2022-08-02
1016,4530,모터사이클 및 부품 판매업,2022-08-02
1017,45301,모터사이클 및 부품 도매업,2022-08-02
1018,45302,모터사이클 및 부품 소매업,2022-08-02
1019,46,도매 및 상품 중개업,2022-08-02
1020,461,상품 중개업,2022-08-02
1021,4610,상품 중개업,2022-08-02
1022,46101,산업용 농ㆍ축산물,2022-08-02
1023,46102,음ㆍ식료품 및 담배 중개업,2022-08-02
1024,46103,섬유,2022-08-02
1025,46104,목재 및 건축자재 중개업,2022-08-02
1026,46105,연료,2022-08-02
1027,46106,기계 및 장비 중개업,2022-08-02
1028,46107,그 외 기타 특정 상품 중개업,2022-08-02
1029,46109,상품 종합 중개업,2022-08-02
1030,462,산업용 농ㆍ축산물 및 동ㆍ식물 도매업,2022-08-02
1031,4620,산업용 농ㆍ축산물 및 동ㆍ식물 도매업,2022-08-02
1032,46201,곡물 및 유지작물 도매업,2022-08-02
1033,46202,종자 및 묘목 도매업,2022-08-02
1034,46203,사료 도매업,2022-08-02
1035,46204,화훼류 및 식물 도매업,2022-08-02
1036,46205,육지 동물 및 애완 동물 도매업,2022-08-02
1037,46209,기타 산업용 농산물 도매업,2022-08-02
1038,463,음ㆍ식료품 및 담배 도매업,2022-08-02
1039,4631,신선 식품 및 단순 가공 식품 도매업,2022-08-02
1040,46311,과실류 도매업,2022-08-02
1041,46312,채소류,2022-08-02
1042,46313,육류 도매업,2022-08-02
1043,46314,건어물 및 젓갈류 도매업,2022-08-02
1044,46315,신선,2022-08-02
1045,46319,기타 신선 식품 및 단순 가공 식품 도매업,2022-08-02
1046,4632,가공식품 도매업,2022-08-02
1047,46321,육류 가공식품 도매업,2022-08-02
1048,46322,수산물 가공식품 도매업,2022-08-02
1049,46323,빵류,2022-08-02
1050,46324,낙농품 및 동ㆍ식물성 유지 도매업,2022-08-02
1051,46325,커피 및 차류 도매업,2022-08-02
1052,46326,조미료 도매업,2022-08-02
1053,46329,기타 가공식품 도매업,2022-08-02
1054,4633,음료 및 담배 도매업,2022-08-02
1055,46331,주류 도매업,2022-08-02
1056,46332,비알코올 음료 도매업,2022-08-02
1057,46333,담배 도매업,2022-08-02
1058,464,생활용품 도매업,2022-08-02
1059,4641,생활용 섬유제품,2022-08-02
1060,46411,생활용 섬유 및 실 도매업,2022-08-02
1061,46412,커튼 및 침구용품 도매업,2022-08-02
1062,46413,남녀용 겉옷 및 셔츠 도매업,2022-08-02
1063,46414,유아용 의류 도매업,2022-08-02
1064,46415,속옷 및 잠옷 도매업,2022-08-02
1065,46416,가죽 및 모피 제품 도매업,2022-08-02
1066,46417,의복 액세서리 및 모조 장신구 도매업,2022-08-02
1067,46419,기타 생활용 섬유 및 직물 제품 도매업,2022-08-02
1068,4642,신발 도매업,2022-08-02
1069,46420,신발 도매업,2022-08-02
1070,4643,생활용 가구,2022-08-02
1071,46431,생활용 가구 도매업,2022-08-02
1072,46432,전구,2022-08-02
1073,46433,생활용 유리ㆍ요업ㆍ목재ㆍ금속 제품 및 날붙이 도매업,2022-08-02
1074,46439,기타 비전기식 생활용 기기 및 기구 도매업,2022-08-02
1075,4644,의약품,2022-08-02
1076,46441,의약품 도매업,2022-08-02
1077,46442,의료용품 도매업,2022-08-02
1078,46443,화장품 및 화장용품 도매업,2022-08-02
1079,46444,비누 및 세정제 도매업,2022-08-02
1080,4645,생활용 포장ㆍ위생용품,2022-08-02
1081,46451,생활용 포장 및 위생용품,2022-08-02
1082,46452,문구용품,2022-08-02
1083,46453,서적,2022-08-02
1084,4646,음반 및 비디오물,2022-08-02
1085,46461,음반 및 비디오물 도매업,2022-08-02
1086,46462,악기 도매업,2022-08-02
1087,46463,장난감 및 취미,2022-08-02
1088,46464,운동 및 경기용품 도매업,2022-08-02
1089,46465,자전거 및 기타 운송장비 도매업,2022-08-02
1090,4649,가방,2022-08-02
1091,46491,가방 및 보호용 케이스 도매업,2022-08-02
1092,46492,시계 및 귀금속 제품 도매업,2022-08-02
1093,46493,안경,2022-08-02
1094,46499,그 외 기타 생활용품 도매업,2022-08-02
1095,465,기계장비 및 관련 물품 도매업,2022-08-02
1096,4651,컴퓨터 및 주변장치,2022-08-02
1097,46510,컴퓨터 및 주변장치,2022-08-02
1098,4652,가전제품,2022-08-02
1099,46521,가전제품 및 부품 도매업,2022-08-02
1100,46522,통신ㆍ방송장비 및 부품 도매업,2022-08-02
1101,4653,산업용 기계 및 장비 도매업,2022-08-02
1102,46531,농림업용 기계 및 장비 도매업,2022-08-02
1103,46532,건설ㆍ광업용 기계 및 장비 도매업,2022-08-02
1104,46533,공작용 기계 및 장비 도매업,2022-08-02
1105,46539,기타 산업용 기계 및 장비 도매업,2022-08-02
1106,4659,기타 기계 및 장비 도매업,2022-08-02
1107,46591,사무용 가구 및 기기 도매업,2022-08-02
1108,46592,의료 기기 도매업,2022-08-02
1109,46593,정밀 기기 및 과학 기기 도매업,2022-08-02
1110,46594,수송용 운송장비 도매업,2022-08-02
1111,46595,전기용 기계ㆍ장비 및 관련 기자재 도매업,2022-08-02
1112,46596,전지 및 케이블 도매업,2022-08-02
1113,46599,그 외 기타 기계 및 장비 도매업,2022-08-02
1114,466,건축 자재,2022-08-02
1115,4661,일반 건축자재 도매업,2022-08-02
1116,46611,원목 및 건축관련 목제품 도매업,2022-08-02
1117,46612,골재,2022-08-02
1118,46613,유리 및 창호 도매업,2022-08-02
1119,4662,냉ㆍ난방장치 및 철물,2022-08-02
1120,46621,배관 및 냉ㆍ난방장치 도매업,2022-08-02
1121,46622,철물,2022-08-02
1122,4669,기타 건축자재 도매업,2022-08-02
1123,46691,도료 도매업,2022-08-02
1124,46692,벽지 및 장판류 도매업,2022-08-02
1125,46699,그 외 기타 건축자재 도매업,2022-08-02
1126,467,기타 전문 도매업,2022-08-02
1127,4671,연료,2022-08-02
1128,46711,고체 연료 및 관련제품 도매업,2022-08-02
1129,46712,액체 연료 및 관련제품 도매업,2022-08-02
1130,46713,기체 연료 및 관련제품 도매업,2022-08-02
1131,4672,1차 금속제품 및 금속광물 도매업,2022-08-02
1132,46721,1차 금속제품 도매업,2022-08-02
1133,46722,금속광물 도매업,2022-08-02
1134,4673,화학 물질 및 화학제품 도매업,2022-08-02
1135,46731,염료,2022-08-02
1136,46732,비료 및 농약 도매업,2022-08-02
1137,46733,플라스틱 물질 및 합성고무 도매업,2022-08-02
1138,46739,기타 화학 물질 및 화학제품 도매업,2022-08-02
1139,4674,방직용 섬유,2022-08-02
1140,46741,방직용 섬유 및 실 도매업,2022-08-02
1141,46742,직물 도매업,2022-08-02
1142,4675,종이 원지,2022-08-02
1143,46750,종이 원지,2022-08-02
1144,4679,재생용 재료 및 기타 상품 전문 도매업,2022-08-02
1145,46791,재생용 재료 수집 및 판매업,2022-08-02
1146,46799,그 외 기타 상품 전문 도매업,2022-08-02
1147,468,상품 종합 도매업,2022-08-02
1148,4680,상품 종합 도매업,2022-08-02
1149,46800,상품 종합 도매업,2022-08-02
1150,47,소매업; 자동차 제외,2022-08-02
1151,471,종합 소매업,2022-08-02
1152,4711,대형 종합 소매업,2022-08-02
1153,47111,백화점,2022-08-02
1154,47112,대형 마트,2022-08-02
1155,47119,기타 대형 종합 소매업,2022-08-02
1156,4712,음ㆍ식료품 위주 종합 소매업,2022-08-02
1157,47121,슈퍼마켓,2022-08-02
1158,47122,체인화 편의점,2022-08-02
1159,47129,기타 음ㆍ식료품 위주 종합 소매업,2022-08-02
1160,4713,면세점,2022-08-02
1161,47130,면세점,2022-08-02
1162,4719,그 외 기타 종합 소매업,2022-08-02
1163,47190,그 외 기타 종합 소매업,2022-08-02
1164,472,음ㆍ식료품 및 담배 소매업,2022-08-02
1165,4721,식료품 소매업,2022-08-02
1166,47211,곡물,2022-08-02
1167,47212,육류 소매업,2022-08-02
1168,47213,건어물 및 젓갈류 소매업,2022-08-02
1169,47214,신선,2022-08-02
1170,47215,채소,2022-08-02
1171,47216,빵류,2022-08-02
1172,47217,건강 보조식품 소매업,2022-08-02
1173,47218,조리 반찬류 소매업,2022-08-02
1174,47219,기타 식료품 소매업,2022-08-02
1175,4722,음료 및 담배 소매업,2022-08-02
1176,47221,음료 소매업,2022-08-02
1177,47222,담배 소매업,2022-08-02
1178,473,가전제품 및 정보 통신장비 소매업,2022-08-02
1179,4731,컴퓨터 및 주변장치,2022-08-02
1180,47311,컴퓨터 및 주변장치,2022-08-02
1181,47312,통신기기 소매업,2022-08-02
1182,4732,가전제품 소매업,2022-08-02
1183,47320,가전제품 소매업,2022-08-02
1184,474,섬유,2022-08-02
1185,4741,의복 소매업,2022-08-02
1186,47411,남자용 겉옷 소매업,2022-08-02
1187,47412,여자용 겉옷 소매업,2022-08-02
1188,47413,속옷 및 잠옷 소매업,2022-08-02
1189,47414,셔츠 및 블라우스 소매업,2022-08-02
1190,47415,한복 소매업,2022-08-02
1191,47416,가죽 및 모피 의복 소매업,2022-08-02
1192,47417,유아용 의류 소매업,2022-08-02
1193,47419,기타 의복 소매업,2022-08-02
1194,4742,섬유,2022-08-02
1195,47421,가정용 직물제품 소매업,2022-08-02
1196,47422,의복 액세서리 및 모조 장신구 소매업,2022-08-02
1197,47429,섬유 원단,2022-08-02
1198,4743,신발 소매업,2022-08-02
1199,47430,신발 소매업,2022-08-02
1200,4744,가방 및 기타 가죽제품 소매업,2022-08-02
1201,47440,가방 및 기타 가죽제품 소매업,2022-08-02
1202,475,기타 생활용품 소매업,2022-08-02
1203,4751,철물,2022-08-02
1204,47511,철물 및 난방용구 소매업,2022-08-02
1205,47512,공구 소매업,2022-08-02
1206,47513,벽지,2022-08-02
1207,47519,페인트,2022-08-02
1208,4752,가구 소매업,2022-08-02
1209,47520,가구 소매업,2022-08-02
1210,4759,그 외 기타 가정용품 소매업,2022-08-02
1211,47591,전기용품 및 조명장치 소매업,2022-08-02
1212,47592,주방용품 및 가정용 유리,2022-08-02
1213,47593,악기 소매업,2022-08-02
1214,47599,그 외 기타 분류 안된 가정용품 소매업,2022-08-02
1215,476,문화,2022-08-02
1216,4761,서적 및 문구용품 소매업,2022-08-02
1217,47611,서적,2022-08-02
1218,47612,문구용품 및 회화용품 소매업,2022-08-02
1219,4762,음반 및 비디오물 소매업,2022-08-02
1220,47620,음반 및 비디오물 소매업,2022-08-02
1221,4763,운동용품 및 자전거 소매업,2022-08-02
1222,47631,운동 및 경기용품 소매업,2022-08-02
1223,47632,자전거 및 기타 운송장비 소매업,2022-08-02
1224,4764,게임용구,2022-08-02
1225,47640,게임용구,2022-08-02
1226,477,연료 소매업,2022-08-02
1227,4771,운송장비용 연료 소매업,2022-08-02
1228,47711,운송장비용 주유소 운영업,2022-08-02
1229,47712,운송장비용 가스 충전업,2022-08-02
1230,4772,가정용 연료 소매업,2022-08-02
1231,47721,가정용 고체 연료 소매업,2022-08-02
1232,47722,가정용 액체 연료 소매업,2022-08-02
1233,47723,가정용 가스 연료 소매업,2022-08-02
1234,478,기타 상품 전문 소매업,2022-08-02
1235,4781,의약품,2022-08-02
1236,47811,의약품 및 의료용품 소매업,2022-08-02
1237,47812,의료용 기구 소매업,2022-08-02
1238,47813,화장품,2022-08-02
1239,4782,사무용 기기,2022-08-02
1240,47821,사무용 기기 소매업,2022-08-02
1241,47822,안경 및 렌즈 소매업,2022-08-02
1242,47823,사진기 및 사진용품 소매업,2022-08-02
1243,47829,기타 광학 및 정밀 기기 소매업,2022-08-02
1244,4783,시계 및 귀금속 소매업,2022-08-02
1245,47830,시계 및 귀금속 소매업,2022-08-02
1246,4784,예술품,2022-08-02
1247,47841,예술품 및 골동품 소매업,2022-08-02
1248,47842,기념품,2022-08-02
1249,4785,그 외 기타 상품 전문 소매업,2022-08-02
1250,47851,화초 및 식물 소매업,2022-08-02
1251,47852,애완용 동물 및 관련용품 소매업,2022-08-02
1252,47859,그 외 기타 분류 안된 상품 전문 소매업,2022-08-02
1253,4786,중고 상품 소매업,2022-08-02
1254,47861,중고 가구 소매업,2022-08-02
1255,47862,중고 가전제품 및 통신장비 소매업,2022-08-02
1256,47869,기타 중고 상품 소매업,2022-08-02
1257,479,무점포 소매업,2022-08-02
1258,4791,통신 판매업,2022-08-02
1259,47911,전자상거래 소매 중개업,2022-08-02
1260,47912,전자상거래 소매업,2022-08-02
1261,47919,기타 통신 판매업,2022-08-02
1262,4792,노점 및 유사 이동 소매업,2022-08-02
1263,47920,노점 및 유사 이동 소매업,2022-08-02
1264,4799,기타 무점포 소매업,2022-08-02
1265,47991,자동 판매기 운영업,2022-08-02
1266,47992,계약배달 판매업,2022-08-02
1267,47993,방문 판매업,2022-08-02
1268,47999,그 외 기타 무점포 소매업,2022-08-02
1269,49,육상 운송 및 파이프라인 운송업,2022-08-02
1270,491,철도 운송업,2022-08-02
1271,4910,철도 운송업,2022-08-02
1272,49101,철도 여객 운송업,2022-08-02
1273,49102,철도 화물 운송업,2022-08-02
1274,492,육상 여객 운송업,2022-08-02
1275,4921,도시 정기 육상 여객 운송업,2022-08-02
1276,49211,도시철도 운송업,2022-08-02
1277,49212,시내버스 운송업,2022-08-02
1278,49219,기타 도시 정기 육상 여객 운송업,2022-08-02
1279,4922,시외버스 운송업,2022-08-02
1280,49220,시외버스 운송업,2022-08-02
1281,4923,부정기 육상 여객 운송업,2022-08-02
1282,49231,택시 운송업,2022-08-02
1283,49232,전세버스 운송업,2022-08-02
1284,49233,특수 여객 자동차 운송업,2022-08-02
1285,49239,기타 부정기 여객 육상 운송업,2022-08-02
1286,493,도로 화물 운송업,2022-08-02
1287,4930,도로 화물 운송업,2022-08-02
1288,49301,일반 화물 자동차 운송업,2022-08-02
1289,49302,용달 화물 자동차 운송업,2022-08-02
1290,49303,개별 화물 자동차 운송업,2022-08-02
1291,49309,기타 도로 화물 운송업,2022-08-02
1292,494,소화물 전문 운송업,2022-08-02
1293,4940,소화물 전문 운송업,2022-08-02
1294,49401,택배업,2022-08-02
1295,49402,늘찬 배달업,2022-08-02
1296,495,파이프라인 운송업,2022-08-02
1297,4950,파이프라인 운송업,2022-08-02
1298,49500,파이프라인 운송업,2022-08-02
1299,50,수상 운송업,2022-08-02
1300,501,해상 운송업,2022-08-02
1301,5011,외항 운송업,2022-08-02
1302,50111,외항 여객 운송업,2022-08-02
1303,50112,외항 화물 운송업,2022-08-02
1304,5012,내항 운송업,2022-08-02
1305,50121,내항 여객 운송업,2022-08-02
1306,50122,내항 화물 운송업,2022-08-02
1307,5013,기타 해상 운송업,2022-08-02
1308,50130,기타 해상 운송업,2022-08-02
1309,502,내륙 수상 및 항만 내 운송업,2022-08-02
1310,5020,내륙 수상 및 항만 내 운송업,2022-08-02
1311,50201,내륙 수상 여객 및 화물 운송업,2022-08-02
1312,50202,항만 내 여객 운송업,2022-08-02
1313,50209,기타 내륙 수상 운송업,2022-08-02
1314,51,항공 운송업,2022-08-02
1315,511,항공 여객 운송업,2022-08-02
1316,5110,항공 여객 운송업,2022-08-02
1317,51100,항공 여객 운송업,2022-08-02
1318,512,항공 화물 운송업,2022-08-02
1319,5120,항공 화물 운송업,2022-08-02
1320,51200,항공 화물 운송업,2022-08-02
1321,52,창고 및 운송관련 서비스업,2022-08-02
1322,521,보관 및 창고업,2022-08-02
1323,5210,보관 및 창고업,2022-08-02
1324,52101,일반 창고업,2022-08-02
1325,52102,냉장 및 냉동 창고업,2022-08-02
1326,52103,농산물 창고업,2022-08-02
1327,52104,위험 물품 보관업,2022-08-02
1328,52109,기타 보관 및 창고업,2022-08-02
1329,529,기타 운송관련 서비스업,2022-08-02
1330,5291,육상 운송 지원 서비스업,2022-08-02
1331,52911,철도 운송 지원 서비스업,2022-08-02
1332,52912,여객 자동차 터미널 운영업,2022-08-02
1333,52913,물류 터미널 운영업,2022-08-02
1334,52914,도로 및 관련시설 운영업,2022-08-02
1335,52915,주차장 운영업,2022-08-02
1336,52919,기타 육상 운송지원 서비스업,2022-08-02
1337,5292,수상 운송 지원 서비스업,2022-08-02
1338,52921,항구 및 기타 해상 터미널 운영업,2022-08-02
1339,52929,기타 수상 운송 지원 서비스업,2022-08-02
1340,5293,항공 운송 지원 서비스업,2022-08-02
1341,52931,공항 운영업,2022-08-02
1342,52939,기타 항공 운송지원 서비스업,2022-08-02
1343,5294,화물 취급업,2022-08-02
1344,52941,항공 및 육상 화물 취급업,2022-08-02
1345,52942,수상 화물 취급업,2022-08-02
1346,5299,그 외 기타 운송관련 서비스업,2022-08-02
1347,52991,통관 대리 및 관련서비스업,2022-08-02
1348,52992,화물 운송 중개,2022-08-02
1349,52993,화물 포장,2022-08-02
1350,52999,그 외 기타 분류 안된 운송관련 서비스업,2022-08-02
1351,55,숙박업,2022-08-02
1352,551,일반 및 생활 숙박시설 운영업,2022-08-02
1353,5510,일반 및 생활 숙박시설 운영업,2022-08-02
1354,55101,호텔업,2022-08-02
1355,55102,여관업,2022-08-02
1356,55103,휴양 콘도 운영업,2022-08-02
1357,55104,민박업,2022-08-02
1358,55109,기타 일반 및 생활 숙박시설 운영업,2022-08-02
1359,559,기타 숙박업,2022-08-02
1360,5590,기타 숙박업,2022-08-02
1361,55901,기숙사 및 고시원 운영업,2022-08-02
1362,55909,그 외 기타 숙박업,2022-08-02
1363,56,음식점 및 주점업,2022-08-02
1364,561,음식점업,2022-08-02
1365,5611,한식 음식점업,2022-08-02
1366,56111,한식 일반 음식점업,2022-08-02
1367,56112,한식 면 요리 전문점,2022-08-02
1368,56113,한식 육류 요리 전문점,2022-08-02
1369,56114,한식 해산물 요리 전문점,2022-08-02
1370,5612,외국식 음식점업,2022-08-02
1371,56121,중식 음식점업,2022-08-02
1372,56122,일식 음식점업,2022-08-02
1373,56123,서양식 음식점업,2022-08-02
1374,56129,기타 외국식 음식점업,2022-08-02
1375,5613,기관 구내식당업,2022-08-02
1376,56130,기관 구내식당업,2022-08-02
1377,5614,출장 및 이동 음식점업,2022-08-02
1378,56141,출장 음식 서비스업,2022-08-02
1379,56142,이동 음식점업,2022-08-02
1380,5619,기타 간이 음식점업,2022-08-02
1381,56191,제과점업,2022-08-02
1382,56192,피자,2022-08-02
1383,56193,치킨 전문점,2022-08-02
1384,56194,김밥 및 기타 간이 음식점업,2022-08-02
1385,56199,간이 음식 포장 판매 전문점,2022-08-02
1386,562,주점 및 비알코올 음료점업,2022-08-02
1387,5621,주점업,2022-08-02
1388,56211,일반 유흥 주점업,2022-08-02
1389,56212,무도 유흥 주점업,2022-08-02
1390,56213,생맥주 전문점,2022-08-02
1391,56219,기타 주점업,2022-08-02
1392,5622,비알코올 음료점업,2022-08-02
1393,56221,커피 전문점,2022-08-02
1394,56229,기타 비알코올 음료점업,2022-08-02
1395,58,출판업,2022-08-02
1396,581,서적,2022-08-02
1397,5811,서적 출판업,2022-08-02
1398,58111,교과서 및 학습 서적 출판업,2022-08-02
1399,58112,만화 출판업,2022-08-02
1400,58113,일반 서적 출판업,2022-08-02
1401,5812,신문,2022-08-02
1402,58121,신문 발행업,2022-08-02
1403,58122,잡지 및 정기 간행물 발행업,2022-08-02
1404,58123,정기 광고 간행물 발행업,2022-08-02
1405,5819,기타 인쇄물 출판업,2022-08-02
1406,58190,기타 인쇄물 출판업,2022-08-02
1407,582,소프트웨어 개발 및 공급업,2022-08-02
1408,5821,게임 소프트웨어 개발 및 공급업,2022-08-02
1409,58211,유선 온라인 게임 소프트웨어 개발 및 공급업,2022-08-02
1410,58212,모바일 게임 소프트웨어 개발 및 공급업,2022-08-02
1411,58219,기타 게임 소프트웨어 개발 및 공급업,2022-08-02
1412,5822,시스템ㆍ응용 소프트웨어 개발 및 공급업,2022-08-02
1413,58221,시스템 소프트웨어 개발 및 공급업,2022-08-02
1414,58222,응용 소프트웨어 개발 및 공급업,2022-08-02
1415,59,영상ㆍ오디오 기록물 제작 및 배급업,2022-08-02
1416,591,영화,2022-08-02
1417,5911,영화,2022-08-02
1418,59111,일반 영화 및 비디오물 제작업,2022-08-02
1419,59112,애니메이션 영화 및 비디오물 제작업,2022-08-02
1420,59113,광고 영화 및 비디오물 제작업,2022-08-02
1421,59114,방송 프로그램 제작업,2022-08-02
1422,5912,영화,2022-08-02
1423,59120,영화,2022-08-02
1424,5913,영화,2022-08-02
1425,59130,영화,2022-08-02
1426,5914,영화 및 비디오물 상영업,2022-08-02
1427,59141,영화관 운영업,2022-08-02
1428,59142,비디오물 감상실 운영업,2022-08-02
1429,592,오디오물 출판 및 원판 녹음업,2022-08-02
1430,5920,오디오물 출판 및 원판 녹음업,2022-08-02
1431,59201,음악 및 기타 오디오물 출판업,2022-08-02
1432,59202,녹음시설 운영업,2022-08-02
1433,60,방송업,2022-08-02
1434,601,라디오 방송업,2022-08-02
1435,6010,라디오 방송업,2022-08-02
1436,60100,라디오 방송업,2022-08-02
1437,602,텔레비전 방송업,2022-08-02
1438,6021,지상파 방송업,2022-08-02
1439,60210,지상파 방송업,2022-08-02
1440,6022,유선,2022-08-02
1441,60221,프로그램 공급업,2022-08-02
1442,60222,유선 방송업,2022-08-02
1443,60229,위성 및 기타 방송업,2022-08-02
1444,61,우편 및 통신업,2022-08-02
1445,611,공영 우편업,2022-08-02
1446,6110,공영 우편업,2022-08-02
1447,61100,공영 우편업,2022-08-02
1448,612,전기 통신업,2022-08-02
1449,6121,유선 통신업,2022-08-02
1450,61210,유선 통신업,2022-08-02
1451,6122,무선 및 위성 통신업,2022-08-02
1452,61220,무선 및 위성 통신업,2022-08-02
1453,6129,기타 전기 통신업,2022-08-02
1454,61291,통신 재판매업,2022-08-02
1455,61299,그 외 기타 전기 통신업,2022-08-02
1456,62,컴퓨터 프로그래밍,2022-08-02
1457,620,컴퓨터 프로그래밍,2022-08-02
1458,6201,컴퓨터 프로그래밍 서비스업,2022-08-02
1459,62010,컴퓨터 프로그래밍 서비스업,2022-08-02
1460,6202,컴퓨터 시스템 통합 자문,2022-08-02
1461,62021,컴퓨터 시스템 통합 자문 및 구축 서비스업,2022-08-02
1462,62022,컴퓨터시설 관리업,2022-08-02
1463,6209,기타 정보 기술 및 컴퓨터 운영 관련 서비스업,2022-08-02
1464,62090,기타 정보 기술 및 컴퓨터 운영 관련 서비스업,2022-08-02
1465,63,정보서비스업,2022-08-02
1466,631,자료 처리,2022-08-02
1467,6311,자료 처리,2022-08-02
1468,63111,자료 처리업,2022-08-02
1469,63112,호스팅 및 관련 서비스업,2022-08-02
1470,6312,포털 및 기타 인터넷 정보 매개 서비스업,2022-08-02
1471,63120,포털 및 기타 인터넷 정보 매개 서비스업,2022-08-02
1472,639,기타 정보 서비스업,2022-08-02
1473,6391,뉴스 제공업,2022-08-02
1474,63910,뉴스 제공업,2022-08-02
1475,6399,그 외 기타 정보 서비스업,2022-08-02
1476,63991,데이터베이스 및 온라인 정보 제공업,2022-08-02
1477,63999,그 외 기타 정보 서비스업,2022-08-02
1478,64,금융업,2022-08-02
1479,641,은행 및 저축기관,2022-08-02
1480,6411,중앙은행,2022-08-02
1481,64110,중앙은행,2022-08-02
1482,6412,일반은행,2022-08-02
1483,64121,국내은행,2022-08-02
1484,64122,외국은행,2022-08-02
1485,6413,신용조합 및 저축기관,2022-08-02
1486,64131,신용조합,2022-08-02
1487,64132,상호 저축은행 및 기타 저축기관,2022-08-02
1488,642,신탁업 및 집합 투자업,2022-08-02
1489,6420,신탁업 및 집합 투자업,2022-08-02
1490,64201,신탁업 및 집합 투자업,2022-08-02
1491,64209,기타 금융 투자업,2022-08-02
1492,649,기타 금융업,2022-08-02
1493,6491,여신 금융업,2022-08-02
1494,64911,금융 리스업,2022-08-02
1495,64912,개발 금융기관,2022-08-02
1496,64913,신용카드 및 할부 금융업,2022-08-02
1497,64919,그 외 기타 여신 금융업,2022-08-02
1498,6499,그 외 기타 금융업,2022-08-02
1499,64991,기금 운영업,2022-08-02
1500,64992,지주회사,2022-08-02
1501,64999,그 외 기타 분류 안된 금융업,2022-08-02
1502,65,보험 및 연금업,2022-08-02
1503,651,보험업,2022-08-02
1504,6511,생명보험업,2022-08-02
1505,65110,생명보험업,2022-08-02
1506,6512,손해 및 보증보험업,2022-08-02
1507,65121,손해보험업,2022-08-02
1508,65122,보증보험업,2022-08-02
1509,6513,사회보장보험업,2022-08-02
1510,65131,건강보험업,2022-08-02
1511,65139,산업 재해 및 기타 사회보장보험업,2022-08-02
1512,652,재보험업,2022-08-02
1513,6520,재보험업,2022-08-02
1514,65200,재보험업,2022-08-02
1515,653,연금 및 공제업,2022-08-02
1516,6530,연금 및 공제업,2022-08-02
1517,65301,개인 공제업,2022-08-02
1518,65302,사업 공제업,2022-08-02
1519,65303,연금업,2022-08-02
1520,66,금융 및 보험관련 서비스업,2022-08-02
1521,661,금융 지원 서비스업,2022-08-02
1522,6611,금융시장 관리업,2022-08-02
1523,66110,금융시장 관리업,2022-08-02
1524,6612,증권 및 선물 중개업,2022-08-02
1525,66121,증권 중개업,2022-08-02
1526,66122,선물 중개업,2022-08-02
1527,6619,기타 금융 지원 서비스업,2022-08-02
1528,66191,증권 발행,2022-08-02
1529,66192,투자 자문업 및 투자 일임업,2022-08-02
1530,66199,그 외 기타 금융 지원 서비스업,2022-08-02
1531,662,보험 및 연금관련 서비스업,2022-08-02
1532,6620,보험 및 연금관련 서비스업,2022-08-02
1533,66201,손해 사정업,2022-08-02
1534,66202,보험 대리 및 중개업,2022-08-02
1535,66209,기타 보험 및 연금관련 서비스업,2022-08-02
1536,68,부동산업,2022-08-02
1537,681,부동산 임대 및 공급업,2022-08-02
1538,6811,부동산 임대업,2022-08-02
1539,68111,주거용 건물 임대업,2022-08-02
1540,68112,비주거용 건물 임대업,2022-08-02
1541,68119,기타 부동산 임대업,2022-08-02
1542,6812,부동산 개발 및 공급업,2022-08-02
1543,68121,주거용 건물 개발 및 공급업,2022-08-02
1544,68122,비주거용 건물 개발 및 공급업,2022-08-02
1545,68129,기타 부동산 개발 및 공급업,2022-08-02
1546,682,부동산관련 서비스업,2022-08-02
1547,6821,부동산 관리업,2022-08-02
1548,68211,주거용 부동산 관리업,2022-08-02
1549,68212,비주거용 부동산 관리업,2022-08-02
1550,6822,부동산 중개,2022-08-02
1551,68221,부동산 중개 및 대리업,2022-08-02
1552,68222,부동산 투자 자문업,2022-08-02
1553,68223,부동산 감정 평가업,2022-08-02
1554,70,연구개발업,2022-08-02
1555,701,자연과학 및 공학 연구개발업,2022-08-02
1556,7011,자연과학 연구개발업,2022-08-02
1557,70111,물리,2022-08-02
1558,70112,농림수산학 및 수의학 연구개발업,2022-08-02
1559,70113,의학 및 약학 연구개발업,2022-08-02
1560,70119,기타 자연과학 연구개발업,2022-08-02
1561,7012,공학 연구개발업,2022-08-02
1562,70121,전기ㆍ전자공학 연구개발업,2022-08-02
1563,70129,기타 공학 연구개발업,2022-08-02
1564,7013,자연과학 및 공학 융합 연구개발업,2022-08-02
1565,70130,자연과학 및 공학 융합 연구개발업,2022-08-02
1566,702,인문 및 사회과학 연구개발업,2022-08-02
1567,7020,인문 및 사회과학 연구개발업,2022-08-02
1568,70201,경제 및 경영학 연구개발업,2022-08-02
1569,70209,기타 인문 및 사회과학 연구개발업,2022-08-02
1570,71,전문 서비스업,2022-08-02
1571,711,법무관련 서비스업,2022-08-02
1572,7110,법무관련 서비스업,2022-08-02
1573,71101,변호사업,2022-08-02
1574,71102,변리사업,2022-08-02
1575,71103,법무사업,2022-08-02
1576,71109,기타 법무관련 서비스업,2022-08-02
1577,712,회계 및 세무관련 서비스업,2022-08-02
1578,7120,회계 및 세무관련 서비스업,2022-08-02
1579,71201,공인회계사업,2022-08-02
1580,71202,세무사업,2022-08-02
1581,71209,기타 회계 관련 서비스업,2022-08-02
1582,713,광고업,2022-08-02
1583,7131,광고 대행업,2022-08-02
1584,71310,광고 대행업,2022-08-02
1585,7139,기타 광고업,2022-08-02
1586,71391,옥외 및 전시 광고업,2022-08-02
1587,71392,광고 매체 판매업,2022-08-02
1588,71393,광고물 문안,2022-08-02
1589,71399,그 외 기타 광고 관련 서비스업,2022-08-02
1590,714,시장 조사 및 여론 조사업,2022-08-02
1591,7140,시장 조사 및 여론 조사업,2022-08-02
1592,71400,시장 조사 및 여론 조사업,2022-08-02
1593,715,회사 본부 및 경영 컨설팅 서비스업,2022-08-02
1594,7151,회사 본부,2022-08-02
1595,71511,제조업 회사 본부,2022-08-02
1596,71519,기타 산업 회사본부,2022-08-02
1597,7153,경영 컨설팅 및 공공 관계 서비스업,2022-08-02
1598,71531,경영 컨설팅업,2022-08-02
1599,71532,공공관계 서비스업,2022-08-02
1600,716,기타 전문 서비스업,2022-08-02
1601,7160,기타 전문 서비스업,2022-08-02
1602,71600,기타 전문 서비스업,2022-08-02
1603,72,건축 기술,2022-08-02
1604,721,건축 기술,2022-08-02
1605,7211,건축 및 조경 설계 서비스업,2022-08-02
1606,72111,건축 설계 및 관련 서비스업,2022-08-02
1607,72112,도시 계획 및 조경 설계 서비스업,2022-08-02
1608,7212,엔지니어링 서비스업,2022-08-02
1609,72121,건물 및 토목 엔지니어링 서비스업,2022-08-02
1610,72122,환경 관련 엔지니어링 서비스업,2022-08-02
1611,72129,기타 엔지니어링 서비스업,2022-08-02
1612,729,기타 과학기술 서비스업,2022-08-02
1613,7291,기술 시험,2022-08-02
1614,72911,물질 성분 검사 및 분석업,2022-08-02
1615,72919,기타 기술 시험,2022-08-02
1616,7292,측량,2022-08-02
1617,72921,측량업,2022-08-02
1618,72922,제도업,2022-08-02
1619,72923,지질 조사 및 탐사업,2022-08-02
1620,72924,지도 제작업,2022-08-02
1621,73,기타 전문,2022-08-02
1622,731,수의업,2022-08-02
1623,7310,수의업,2022-08-02
1624,73100,수의업,2022-08-02
1625,732,전문 디자인업,2022-08-02
1626,7320,전문 디자인업,2022-08-02
1627,73201,인테리어 디자인업,2022-08-02
1628,73202,제품 디자인업,2022-08-02
1629,73203,시각 디자인업,2022-08-02
1630,73209,패션,2022-08-02
1631,733,사진 촬영 및 처리업,2022-08-02
1632,7330,사진 촬영 및 처리업,2022-08-02
1633,73301,인물 사진 및 행사용 영상 촬영업,2022-08-02
1634,73302,상업용 사진 촬영업,2022-08-02
1635,73303,사진 처리업,2022-08-02
1636,739,그 외 기타 전문,2022-08-02
1637,7390,그 외 기타 전문,2022-08-02
1638,73901,매니저업,2022-08-02
1639,73902,번역 및 통역 서비스업,2022-08-02
1640,73903,사업 및 무형 재산권 중개업,2022-08-02
1641,73904,물품 감정,2022-08-02
1642,73909,그 외 기타 분류 안된 전문,2022-08-02
1643,74,사업시설 관리 및 조경 서비스업,2022-08-02
1644,741,사업시설 유지ㆍ관리 서비스업,2022-08-02
1645,7410,사업시설 유지ㆍ관리 서비스업,2022-08-02
1646,74100,사업시설 유지ㆍ관리 서비스업,2022-08-02
1647,742,건물ㆍ산업설비 청소 및 방제 서비스업,2022-08-02
1648,7421,건물 및 산업설비 청소업,2022-08-02
1649,74211,건축물 일반 청소업,2022-08-02
1650,74212,산업설비,2022-08-02
1651,7422,소독,2022-08-02
1652,74220,소독,2022-08-02
1653,743,조경관리 및 유지 서비스업,2022-08-02
1654,7430,조경관리 및 유지 서비스업,2022-08-02
1655,74300,조경관리 및 유지 서비스업,2022-08-02
1656,75,사업 지원 서비스업,2022-08-02
1657,751,고용 알선 및 인력 공급업,2022-08-02
1658,7511,고용 알선업,2022-08-02
1659,75110,고용 알선업,2022-08-02
1660,7512,인력 공급업,2022-08-02
1661,75121,임시 및 일용 인력 공급업,2022-08-02
1662,75122,상용 인력 공급 및 인사관리 서비스업,2022-08-02
1663,752,여행사 및 기타 여행 보조 서비스업,2022-08-02
1664,7521,여행사업,2022-08-02
1665,75210,여행사업,2022-08-02
1666,7529,기타 여행 보조 및 예약 서비스업,2022-08-02
1667,75290,기타 여행 보조 및 예약 서비스업,2022-08-02
1668,753,경비,2022-08-02
1669,7531,경비 및 경호 서비스업,2022-08-02
1670,75310,경비 및 경호 서비스업,2022-08-02
1671,7532,보안 시스템 서비스업,2022-08-02
1672,75320,보안 시스템 서비스업,2022-08-02
1673,7533,탐정 및 조사 서비스업,2022-08-02
1674,75330,탐정 및 조사 서비스업,2022-08-02
1675,759,기타 사업 지원 서비스업,2022-08-02
1676,7591,사무 지원 서비스업,2022-08-02
1677,75911,문서 작성업,2022-08-02
1678,75912,복사업,2022-08-02
1679,75919,기타 사무 지원 서비스업,2022-08-02
1680,7599,그 외 기타 사업 지원 서비스업,2022-08-02
1681,75991,콜센터 및 텔레마케팅 서비스업,2022-08-02
1682,75992,전시,2022-08-02
1683,75993,신용 조사 및 추심 대행업,2022-08-02
1684,75994,포장 및 충전업,2022-08-02
1685,75999,그 외 기타 분류 안된 사업 지원 서비스업,2022-08-02
1686,76,임대업; 부동산 제외,2022-08-02
1687,761,운송장비 임대업,2022-08-02
1688,7611,자동차 임대업,2022-08-02
1689,76110,자동차 임대업,2022-08-02
1690,7619,기타 운송장비 임대업,2022-08-02
1691,76190,기타 운송장비 임대업,2022-08-02
1692,762,개인 및 가정용품 임대업,2022-08-02
1693,7621,스포츠 및 레크리에이션 용품 임대업,2022-08-02
1694,76210,스포츠 및 레크리에이션 용품 임대업,2022-08-02
1695,7622,음반 및 비디오물 임대업,2022-08-02
1696,76220,음반 및 비디오물 임대업,2022-08-02
1697,7629,기타 개인 및 가정용품 임대업,2022-08-02
1698,76291,서적 임대업,2022-08-02
1699,76292,의류 임대업,2022-08-02
1700,76299,그 외 기타 개인 및 가정용품 임대업,2022-08-02
1701,763,산업용 기계 및 장비 임대업,2022-08-02
1702,7631,건설 및 토목공사용 기계ㆍ장비 임대업,2022-08-02
1703,76310,건설 및 토목공사용 기계ㆍ장비 임대업,2022-08-02
1704,7632,컴퓨터 및 사무용 기계ㆍ장비 임대업,2022-08-02
1705,76320,컴퓨터 및 사무용 기계ㆍ장비 임대업,2022-08-02
1706,7639,기타 산업용 기계 및 장비 임대업,2022-08-02
1707,76390,기타 산업용 기계 및 장비 임대업,2022-08-02
1708,764,무형 재산권 임대업,2022-08-02
1709,7640,무형 재산권 임대업,2022-08-02
1710,76400,무형 재산권 임대업,2022-08-02
1711,84,공공 행정,2022-08-02
1712,841,입법 및 일반 정부 행정,2022-08-02
1713,8411,일반 공공 행정,2022-08-02
1714,84111,입법기관,2022-08-02
1715,84112,중앙 최고 집행기관,2022-08-02
1716,84113,지방행정 집행기관,2022-08-02
1717,84114,재정 및 경제정책 행정,2022-08-02
1718,84119,기타 일반 공공 행정,2022-08-02
1719,8412,정부기관 일반 보조 행정,2022-08-02
1720,84120,정부기관 일반 보조 행정,2022-08-02
1721,842,사회 및 산업정책 행정,2022-08-02
1722,8421,사회서비스 관리 행정,2022-08-02
1723,84211,교육 행정,2022-08-02
1724,84212,문화 및 관광 행정,2022-08-02
1725,84213,환경 행정,2022-08-02
1726,84214,보건 및 복지 행정,2022-08-02
1727,84219,기타 사회서비스 관리 행정,2022-08-02
1728,8422,노동 및 산업 진흥 행정,2022-08-02
1729,84221,노동 행정,2022-08-02
1730,84222,농림수산 행정,2022-08-02
1731,84223,건설 및 운송 행정,2022-08-02
1732,84224,우편 및 통신 행정,2022-08-02
1733,84229,기타 산업 진흥 행정,2022-08-02
1734,843,외무 및 국방 행정,2022-08-02
1735,8431,외무 행정,2022-08-02
1736,84310,외무 행정,2022-08-02
1737,8432,국방 행정,2022-08-02
1738,84320,국방 행정,2022-08-02
1739,844,사법 및 공공 질서 행정,2022-08-02
1740,8440,사법 및 공공 질서 행정,2022-08-02
1741,84401,법원,2022-08-02
1742,84402,검찰,2022-08-02
1743,84403,교도기관,2022-08-02
1744,84404,경찰,2022-08-02
1745,84405,소방서,2022-08-02
1746,84409,기타 사법 및 공공 질서 행정,2022-08-02
1747,845,사회보장 행정,2022-08-02
1748,8450,사회보장 행정,2022-08-02
1749,84500,사회보장 행정,2022-08-02
1750,85,교육 서비스업,2022-08-02
1751,851,초등 교육기관,2022-08-02
1752,8511,유아 교육기관,2022-08-02
1753,85110,유아 교육기관,2022-08-02
1754,8512,초등학교,2022-08-02
1755,85120,초등학교,2022-08-02
1756,852,중등 교육기관,2022-08-02
1757,8521,일반 중등 교육기관,2022-08-02
1758,85211,중학교,2022-08-02
1759,85212,일반 고등학교,2022-08-02
1760,8522,특성화 고등학교,2022-08-02
1761,85221,상업 및 정보산업 특성화 고등학교,2022-08-02
1762,85222,공업 특성화 고등학교,2022-08-02
1763,85229,기타 특성화 고등학교,2022-08-02
1764,853,고등 교육기관,2022-08-02
1765,8530,고등 교육기관,2022-08-02
1766,85301,전문대학,2022-08-02
1767,85302,대학교,2022-08-02
1768,85303,대학원,2022-08-02
1769,854,특수학교,2022-08-02
1770,8541,특수학교,2022-08-02
1771,85410,특수학교,2022-08-02
1772,8542,외국인학교,2022-08-02
1773,85420,외국인학교,2022-08-02
1774,8543,대안학교,2022-08-02
1775,85430,대안학교,2022-08-02
1776,855,일반 교습학원,2022-08-02
1777,8550,일반 교습학원,2022-08-02
1778,85501,일반 교과학원,2022-08-02
1779,85502,방문 교육학원,2022-08-02
1780,85503,온라인 교육학원,2022-08-02
1781,856,기타 교육기관,2022-08-02
1782,8561,스포츠 및 레크리에이션 교육기관,2022-08-02
1783,85611,태권도 및 무술 교육기관,2022-08-02
1784,85612,기타 스포츠 교육기관,2022-08-02
1785,85613,레크리에이션 교육기관,2022-08-02
1786,85614,청소년 수련시설 운영업,2022-08-02
1787,8562,예술학원,2022-08-02
1788,85621,음악학원,2022-08-02
1789,85622,미술학원,2022-08-02
1790,85629,기타 예술학원,2022-08-02
1791,8563,외국어학원 및 기타 교습학원,2022-08-02
1792,85631,외국어학원,2022-08-02
1793,85632,기타 교습학원,2022-08-02
1794,8564,사회교육시설,2022-08-02
1795,85640,사회교육시설,2022-08-02
1796,8565,직원 훈련기관,2022-08-02
1797,85650,직원 훈련기관,2022-08-02
1798,8566,기술 및 직업 훈련학원,2022-08-02
1799,85661,운전학원,2022-08-02
1800,85669,기타 기술 및 직업 훈련학원,2022-08-02
1801,8569,그 외 기타 교육기관,2022-08-02
1802,85691,컴퓨터 학원,2022-08-02
1803,85699,그 외 기타 분류 안된 교육기관,2022-08-02
1804,857,교육 지원 서비스업,2022-08-02
1805,8570,교육 지원 서비스업,2022-08-02
1806,85701,교육관련 자문 및 평가업,2022-08-02
1807,85709,기타 교육지원 서비스업,2022-08-02
1808,86,보건업,2022-08-02
1809,861,병원,2022-08-02
1810,8610,병원,2022-08-02
1811,86101,종합병원,2022-08-02
1812,86102,일반병원,2022-08-02
1813,86103,치과병원,2022-08-02
1814,86104,한방병원,2022-08-02
1815,86105,요양병원,2022-08-02
1816,862,의원,2022-08-02
1817,8620,의원,2022-08-02
1818,86201,일반의원,2022-08-02
1819,86202,치과의원,2022-08-02
1820,86203,한의원,2022-08-02
1821,86204,방사선 진단 및 병리 검사 의원,2022-08-02
1822,863,공중 보건 의료업,2022-08-02
1823,8630,공중 보건 의료업,2022-08-02
1824,86300,공중 보건 의료업,2022-08-02
1825,869,기타 보건업,2022-08-02
1826,8690,기타 보건업,2022-08-02
1827,86901,앰뷸런스 서비스업,2022-08-02
1828,86902,유사 의료업,2022-08-02
1829,86909,그 외 기타 보건업,2022-08-02
1830,87,사회복지 서비스업,2022-08-02
1831,871,거주 복지시설 운영업,2022-08-02
1832,8711,노인 거주 복지시설 운영업,2022-08-02
1833,87111,노인 요양 복지시설 운영업,2022-08-02
1834,87112,노인 양로 복지시설 운영업,2022-08-02
1835,8712,심신 장애인 거주 복지시설 운영업,2022-08-02
1836,87121,신체 부자유자 거주 복지시설 운영업,2022-08-02
1837,87122,정신 질환,2022-08-02
1838,8713,기타 거주 복지시설 운영업,2022-08-02
1839,87131,아동 및 부녀자 거주 복지시설 운영업,2022-08-02
1840,87139,그 외 기타 거주 복지시설 운영업,2022-08-02
1841,872,비거주 복지시설 운영업,2022-08-02
1842,8721,보육시설 운영업,2022-08-02
1843,87210,보육시설 운영업,2022-08-02
1844,8729,기타 비거주 복지 서비스업,2022-08-02
1845,87291,직업 재활원 운영업,2022-08-02
1846,87292,종합복지관 운영업,2022-08-02
1847,87293,방문 복지서비스 제공업,2022-08-02
1848,87294,사회복지 상담 서비스 제공업,2022-08-02
1849,87299,그 외 기타 비거주 복지 서비스업,2022-08-02
1850,90,창작,2022-08-02
1851,901,창작 및 예술관련 서비스업,2022-08-02
1852,9011,공연시설 운영업,2022-08-02
1853,90110,공연시설 운영업,2022-08-02
1854,9012,공연단체,2022-08-02
1855,90121,연극단체,2022-08-02
1856,90122,무용 및 음악단체,2022-08-02
1857,90123,기타 공연단체,2022-08-02
1858,9013,자영 예술가,2022-08-02
1859,90131,공연 예술가,2022-08-02
1860,90132,비공연 예술가,2022-08-02
1861,9019,기타 창작 및 예술관련 서비스업,2022-08-02
1862,90191,공연 기획업,2022-08-02
1863,90192,공연 및 제작관련 대리업,2022-08-02
1864,90199,그 외 기타 창작 및 예술관련 서비스업,2022-08-02
1865,902,도서관,2022-08-02
1866,9021,도서관,2022-08-02
1867,90211,도서관 및 기록 보존소 운영업,2022-08-02
1868,90212,독서실 운영업,2022-08-02
1869,9022,박물관 및 사적지 관리 운영업,2022-08-02
1870,90221,박물관 운영업,2022-08-02
1871,90222,사적지 관리 운영업,2022-08-02
1872,9023,식물원,2022-08-02
1873,90231,식물원 및 동물원 운영업,2022-08-02
1874,90232,자연공원 운영업,2022-08-02
1875,9029,기타 유사 여가관련 서비스업,2022-08-02
1876,90290,기타 유사 여가관련 서비스업,2022-08-02
1877,91,스포츠 및 오락관련 서비스업,2022-08-02
1878,911,스포츠 서비스업,2022-08-02
1879,9111,경기장 운영업,2022-08-02
1880,91111,실내 경기장 운영업,2022-08-02
1881,91112,실외 경기장 운영업,2022-08-02
1882,91113,경주장 및 동물 경기장 운영업,2022-08-02
1883,9112,골프장 및 스키장 운영업,2022-08-02
1884,91121,골프장 운영업,2022-08-02
1885,91122,스키장 운영업,2022-08-02
1886,9113,기타 스포츠시설 운영업,2022-08-02
1887,91131,종합 스포츠시설 운영업,2022-08-02
1888,91132,체력 단련시설 운영업,2022-08-02
1889,91133,수영장 운영업,2022-08-02
1890,91134,볼링장 운영업,2022-08-02
1891,91135,당구장 운영업,2022-08-02
1892,91136,골프 연습장 운영업,2022-08-02
1893,91139,그 외 기타 스포츠시설 운영업,2022-08-02
1894,9119,기타 스포츠 서비스업,2022-08-02
1895,91191,스포츠 클럽 운영업,2022-08-02
1896,91199,그 외 기타 스포츠 서비스업,2022-08-02
1897,912,유원지 및 기타 오락관련 서비스업,2022-08-02
1898,9121,유원지 및 테마파크 운영업,2022-08-02
1899,91210,유원지 및 테마파크 운영업,2022-08-02
1900,9122,오락장 운영업,2022-08-02
1901,91221,전자 게임장 운영업,2022-08-02
1902,91222,컴퓨터 게임방 운영업,2022-08-02
1903,91223,노래 연습장 운영업,2022-08-02
1904,91229,기타 오락장 운영업,2022-08-02
1905,9123,수상오락 서비스업,2022-08-02
1906,91231,낚시장 운영업,2022-08-02
1907,91239,기타 수상오락 서비스업,2022-08-02
1908,9124,사행시설 관리 및 운영업,2022-08-02
1909,91241,복권 발행 및 판매업,2022-08-02
1910,91249,기타 사행시설 관리 및 운영업,2022-08-02
1911,9129,그 외 기타 오락관련 서비스업,2022-08-02
1912,91291,무도장 운영업,2022-08-02
1913,91292,체육 공원 및 유사 공원 운영업,2022-08-02
1914,91293,기원 운영업,2022-08-02
1915,91299,그 외 기타 분류 안된 오락관련 서비스업,2022-08-02
1916,94,협회 및 단체,2022-08-02
1917,941,산업 및 전문가 단체,2022-08-02
1918,9411,산업 단체,2022-08-02
1919,94110,산업 단체,2022-08-02
1920,9412,전문가 단체,2022-08-02
1921,94120,전문가 단체,2022-08-02
1922,942,노동조합,2022-08-02
1923,9420,노동조합,2022-08-02
1924,94200,노동조합,2022-08-02
1925,949,기타 협회 및 단체,2022-08-02
1926,9491,종교 단체,2022-08-02
1927,94911,불교 단체,2022-08-02
1928,94912,기독교 단체,2022-08-02
1929,94913,천주교 단체,2022-08-02
1930,94914,민족 종교 단체,2022-08-02
1931,94919,기타 종교 단체,2022-08-02
1932,9492,정치 단체,2022-08-02
1933,94920,정치 단체,2022-08-02
1934,9493,시민운동 단체,2022-08-02
1935,94931,환경운동 단체,2022-08-02
1936,94939,기타 시민운동 단체,2022-08-02
1937,9499,그 외 기타 협회 및 단체,2022-08-02
1938,94990,그 외 기타 협회 및 단체,2022-08-02
1939,95,개인 및 소비용품 수리업,2022-08-02
1940,951,컴퓨터 및 통신장비 수리업,2022-08-02
1941,9511,컴퓨터 및 주변 기기 수리업,2022-08-02
1942,95110,컴퓨터 및 주변 기기 수리업,2022-08-02
1943,9512,통신장비 수리업,2022-08-02
1944,95120,통신장비 수리업,2022-08-02
1945,952,자동차 및 모터사이클 수리업,2022-08-02
1946,9521,자동차 수리 및 세차업,2022-08-02
1947,95211,자동차 종합 수리업,2022-08-02
1948,95212,자동차 전문 수리업,2022-08-02
1949,95213,자동차 세차업,2022-08-02
1950,9522,모터사이클 수리업,2022-08-02
1951,95220,모터사이클 수리업,2022-08-02
1952,953,개인 및 가정용품 수리업,2022-08-02
1953,9531,가전제품 수리업,2022-08-02
1954,95310,가전제품 수리업,2022-08-02
1955,9539,기타 개인 및 가정용품 수리업,2022-08-02
1956,95391,의복 및 기타 가정용 직물제품 수리업,2022-08-02
1957,95392,가죽,2022-08-02
1958,95393,시계,2022-08-02
1959,95399,그 외 기타 개인 및 가정용품 수리업,2022-08-02
1960,96,기타 개인 서비스업,2022-08-02
1961,961,미용,2022-08-02
1962,9611,이용 및 미용업,2022-08-02
1963,96111,이용업,2022-08-02
1964,96112,두발 미용업,2022-08-02
1965,96113,피부 미용업,2022-08-02
1966,96119,기타 미용업,2022-08-02
1967,9612,욕탕,2022-08-02
1968,96121,욕탕업,2022-08-02
1969,96122,마사지업,2022-08-02
1970,96129,체형 등 기타 신체 관리 서비스업,2022-08-02
1971,969,그 외 기타 개인 서비스업,2022-08-02
1972,9691,세탁업,2022-08-02
1973,96911,산업용 세탁업,2022-08-02
1974,96912,가정용 세탁업,2022-08-02
1975,96913,세탁물 공급업,2022-08-02
1976,9692,장례식장 및 관련 서비스업,2022-08-02
1977,96921,장례식장 및 장의관련 서비스업,2022-08-02
1978,96922,화장터 운영,2022-08-02
1979,9699,그 외 기타 분류 안된 개인 서비스업,2022-08-02
1980,96991,예식장업,2022-08-02
1981,96992,점술 및 유사 서비스업,2022-08-02
1982,96993,개인 간병 및 유사 서비스업,2022-08-02
1983,96994,결혼 상담 및 준비 서비스업,2022-08-02
1984,96995,애완 동물 장묘 및 보호 서비스업,2022-08-02
1985,96999,그 외 기타 달리 분류되지 않은 개인 서비스업,2022-08-02
1986,97,가구 내 고용활동,2022-08-02
1987,970,가구 내 고용활동,2022-08-02
1988,9700,가구 내 고용활동,2022-08-02
1989,97000,가구 내 고용활동,2022-08-02
1990,98,달리 분류되지 않은 자가 소비를 위한 가구의 재화 및 서비스 생산활동,2022-08-02
1991,981,자가 소비를 위한 가사 생산 활동,2022-08-02
1992,9810,자가 소비를 위한 가사 생산 활동,2022-08-02
1993,98100,자가 소비를 위한 가사 생산 활동,2022-08-02
1994,982,자가 소비를 위한 가사 서비스 활동,2022-08-02
1995,9820,자가 소비를 위한 가사 서비스 활동,2022-08-02
1996,98200,자가 소비를 위한 가사 서비스 활동,2022-08-02
1997,99,국제 및 외국기관,2022-08-02
1998,990,국제 및 외국기관,2022-08-02
1999,9900,국제 및 외국기관,2022-08-02
2000,99001,주한 외국 공관,2022-08-02
2001,99009,기타 국제 및 외국기관,2022-08-02
2002,A,농업,2022-08-02
2003,B,광업,2022-08-02
2004,C,제조업,2022-08-02
2005,D,전기,2022-08-02
2006,E,수도,2022-08-02
2007,F,건설업,2022-08-02
2008,G,도매 및 소매업,2022-08-02
2009,H,운수 및 창고업,2022-08-02
2010,I,숙박 및 음식점업,2022-08-02
2011,J,정보통신업,2022-08-02
2012,K,금융 및 보험업,2022-08-02
2013,L,부동산업,2022-08-02
2014,M,전문,2022-08-02
2015,N,사업시설 관리,2022-08-02
2016,O,공공 행정,2022-08-02
2017,P,교육 서비스업,2022-08-02
2018,Q,보건업 및 사회복지 서비스업,2022-08-02
2019,R,예술,2022-08-02
2020,S,협회 및 단체,2022-08-02
2021,T,가구 내 고용활동 및 달리 분류되지 않은 자가 소비 생산활동,2022-08-02
2022,U,국제 및 외국기관,2022-08-02
